self_inc,site,latitude_N,plant_id,umbel_angle_deg,flower_number,face_diam_mm,tube_length_mm
SI,CMGA,34.22204,CMGA.2010.1,140,18,11.24,13.08
SI,CMGA,34.22204,CMGA.2010.10,90,8,10.51,12.315
SI,CMGA,34.22204,CMGA.2010.11,120,18,11.14,13.88
SI,CMGA,34.22204,CMGA.2010.12,180,22,10.49,15.585
SI,CMGA,34.22204,CMGA.2010.13,130,21,10.76,14.615
SI,CMGA,34.22204,CMGA.2010.14,95,11,11.02,15.965
SI,CMGA,34.22204,CMGA.2010.15,105,10,9.74,13.265
SI,CMGA,34.22204,CMGA.2010.16,130,16,9.675,12.42
SI,CMGA,34.22204,CMGA.2010.17,110,14,9.2,12.855
SI,CMGA,34.22204,CMGA.2010.18,115,12,11.305,12.65
SI,CMGA,34.22204,CMGA.2010.19,140,18,11.105,13.495
SI,CMGA,34.22204,CMGA.2010.2,152,20,12.27,15.26
SI,CMGA,34.22204,CMGA.2010.20,110,13,9.1,13.96
SI,CMGA,34.22204,CMGA.2010.21,110,13,11.045,13.225
SI,CMGA,34.22204,CMGA.2010.22,100,11,5.39,10.73
SI,CMGA,34.22204,CMGA.2010.23,125,15,9.515,11.945
SI,CMGA,34.22204,CMGA.2010.24,70,6,9.915,13.675
SI,CMGA,34.22204,CMGA.2010.25,130,14,10.765,13.21
SI,CMGA,34.22204,CMGA.2010.26,180,13,14.315,13.945
SI,CMGA,34.22204,CMGA.2010.27,120,16,9.52,14.33
SI,CMGA,34.22204,CMGA.2010.28,100,9,9.285,14.42
SI,CMGA,34.22204,CMGA.2010.29,123,19,9.875,11.86
SI,CMGA,34.22204,CMGA.2010.3,155,20,11.555,14.935
SI,CMGA,34.22204,CMGA.2010.30,170,18,10.99,13.075
SI,CMGA,34.22204,CMGA.2010.4,151,18,11.715,14.755
SI,CMGA,34.22204,CMGA.2010.5,139,18,9.75,14.565
SI,CMGA,34.22204,CMGA.2010.6,225,18,10.48,17.09
SI,CMGA,34.22204,CMGA.2010.7,120,18,11.95,15.49
SI,CMGA,34.22204,CMGA.2010.8,148,18,10.53,14.64
SI,CMGA,34.22204,CMGA.2010.9,150,12,11.87,13.985
SI,CMGA,34.22204,CMGA.2011.31,NA,15,11.43,14.995
SI,CMGA,34.22204,CMGA.2011.32,140,16,11.195,15.295
SI,CMGA,34.22204,CMGA.2011.33,90,12,8.3,11.56
SI,CMGA,34.22204,CMGA.2011.34,130,19,9.195,14.73
SI,CMGA,34.22204,CMGA.2011.35,110,15,10.805,13.66
SI,CMGA,34.22204,CMGA.2011.36,145,21,11.305,14.43
SI,CMGA,34.22204,CMGA.2011.37,110,15,8.355,13.125
SI,CMGA,34.22204,CMGA.2011.38,120,15,12.52,14.48
SI,CMGA,34.22204,CMGA.2011.39,70,11,10.255,15.19
SI,CMGA,34.22204,CMGA.2011.40,130,20,11.59,13.455
SI,CMGA,34.22204,CMGA.2011.41,140,18,10.66,13.34
SI,CMGA,34.22204,CMGA.2011.42,100,10,10.425,13.845
SI,CMGA,34.22204,CMGA.2011.43,100,13,10.78,13.395
SI,CMGA,34.22204,CMGA.2011.44,120,18,9.4,13.325
SI,CMGA,34.22204,CMGA.2011.45,140,15,10.165,12.85
SI,CMGA,34.22204,CMGA.2011.46,140,13,10.46,15.45
SI,CMGA,34.22204,CMGA.2011.47,90,13,9.215,12.585
SI,CMGA,34.22204,CMGA.2011.48,130,21,10.105,13.68
SI,CMGA,34.22204,CMGA.2011.49,120,18,13.785,11.84
SI,CMGA,34.22204,CMGA.2011.50,120,15,11.745,11.6
SI,CMGA,34.22204,CMGA.2011.51,140,19,14.45,14.18
SI,CMGA,34.22204,CMGA.2011.52,110,18,12.83,12.155
SI,CMGA,34.22204,CMGA.2011.53,120,17,12.11,11.545
SI,CMGA,34.22204,CMGA.2011.54,110,14,10.515,12.77
SI,CMGA,34.22204,CMGA.2011.55,110,16,10.49,15.09
SI,CMGA,34.22204,CMGA.2011.56,120,16,11.245,14.7225
SI,CMGA,34.22204,CMGA.2011.57,100,11,12.6675,11.645
SI,CMGA,34.22204,CMGA.2011.58,120,17,10.5425,13.865
SI,CMGA,34.22204,CMGA.2011.59,110,16,11.3125,14.64
SI,CMGA,34.22204,CMGA.2011.60,110,14,10.235,12.075
SI,CMGA,34.22204,CMGA.2011.61,110,19,10.672,14.45475
SI,CMGA,34.22204,CMGA.2011.62,120,12,11.15375,12.871
SI,CMGA,34.22204,CMGA.2011.63,110,10,11.4855,12.8185
SI,CMGA,34.22204,CMGA.2011.64,120,12,10.619,13.5565
SI,CMGA,34.22204,CMGA.2011.65,120,16,12.60625,11.96
SI,CMGA,34.22204,CMGA.2011.66,110,13,9.95975,12.875
SI,CMGA,34.22204,CMGA.2011.67,75,11,9.8645,11.834
SI,CMGA,34.22204,CMGA.2011.68,110,15,11.367,14.7635
SI,CMGA,34.22204,CMGA.2011.69,68,18,10.398,12.931
SI,CMGA,34.22204,CMGA.2011.70,120,18,10.57325,14.08025
SI,CMGA,34.22204,CMGA.2011.71,100,17,10.614,11.7915
SI,CMGA,34.22204,CMGA.2011.72,90,11,9.84975,13.7385
SI,CMGA,34.22204,CMGA.2011.73,105,18,10.30225,13.2845
SI,CMGA,34.22204,CMGA.2011.74,110,14,10.744,12.879
SI,CMGA,34.22204,CMGA.2011.75,160,21,12.0335,14.26
SI,CMGA,34.22204,CMGA.2011.76,120,13,12.87125,13.28775
SI,CMGA,34.22204,CMGA.2011.77,95,11,10.72275,13.54775
SI,CMGA,34.22204,CMGA.2011.78,70,17,10.4415,13.22125
SI,CMGA,34.22204,CMGA.2011.79,120,13,11.832,12.9005
SI,CMGA,34.22204,CMGA.2011.80,75,15,10.66225,13.235
SI,CMGA,34.22204,CMGA.2011.81,140,19,13.0675,14.98625
SI,CMGA,34.22204,CMGA.2011.82,95,15,10.63475,14.31525
SI,CMGA,34.22204,CMGA.2011.83,120,15,10.81625,15.041
SI,CMGA,34.22204,CMGA.2011.84,95,14,10.98025,15.17675
SI,CMGA,34.22204,CMGA.2011.85,85,14,11.6145,15.56575
SI,CMGA,34.22204,CMGA.2011.86,80,17,11.7965,13.92625
SI,CMGA,34.22204,CMGA.2011.87,95,10,11.488,12.7615
SI,CMGA,34.22204,CMGA.2011.88,93,13,11.36675,14.8235
SI,CMGA,34.22204,CMGA.2011.89,110,13,10.504,13.53025
SI,CMGA,34.22204,CMGA.2011.90,118,15,9.87425,13.564
SI,CMGA,34.22204,CMGA.2011.91,104,13,10.56775,14.3705
SI,CBVA,34.27019,CBVA.2010.1,120,24,9.19,13.255
SI,CBVA,34.27019,CBVA.2010.10,125,14,9.225,12.945
SI,CBVA,34.27019,CBVA.2010.11,95,15,11.47,13.795
SI,CBVA,34.27019,CBVA.2010.12,145,18,11.13,13.31
SI,CBVA,34.27019,CBVA.2010.13,110,15,9.17,13.885
SI,CBVA,34.27019,CBVA.2010.14,125,22,9.44,14.435
SI,CBVA,34.27019,CBVA.2010.15,115,13,11.225,13.685
SI,CBVA,34.27019,CBVA.2010.16,147,22,10.615,12.765
SI,CBVA,34.27019,CBVA.2010.17,110,17,11.49,14.175
SI,CBVA,34.27019,CBVA.2010.18,160,13,10.725,13.64
SI,CBVA,34.27019,CBVA.2010.19,140,14,9.28,13.49
SI,CBVA,34.27019,CBVA.2010.2,90,13,10.91,13.3525
SI,CBVA,34.27019,CBVA.2010.20,150,19,13.41,16.0075
SI,CBVA,34.27019,CBVA.2010.21,100,15,9.5,14.07
SI,CBVA,34.27019,CBVA.2010.22,95,14,10.46,14.39
SI,CBVA,34.27019,CBVA.2010.23,120,10,11.785,13.55
SI,CBVA,34.27019,CBVA.2010.24,115,11,10.275,12.63
SI,CBVA,34.27019,CBVA.2010.25,150,14,10.275,15.155
SI,CBVA,34.27019,CBVA.2010.26,92,10,9.875,13.355
SI,CBVA,34.27019,CBVA.2010.27,84,16,8.63,11.235
SI,CBVA,34.27019,CBVA.2010.28,127,19,10.645,11.51
SI,CBVA,34.27019,CBVA.2010.29,140,14,9.755,11.12
SI,CBVA,34.27019,CBVA.2010.3,120,16,12.27,14.14
SI,CBVA,34.27019,CBVA.2010.30,105,14,8.21,13.595
SI,CBVA,34.27019,CBVA.2010.4,170,15,11.88,13.645
SI,CBVA,34.27019,CBVA.2010.5,160,13,12.345,16.555
SI,CBVA,34.27019,CBVA.2010.6,100,15,9.66,13.815
SI,CBVA,34.27019,CBVA.2010.7,110,14,11.355,13.435
SI,CBVA,34.27019,CBVA.2010.8,110,17,10.675,14.635
SI,CBVA,34.27019,CBVA.2010.9,145,23,10.725,12.225
SI,CBVA,34.27019,CBVA.2011.31,115,13,13.52175,14.72275
SI,CBVA,34.27019,CBVA.2011.32,140,18,12.6,12.8695
SI,CBVA,34.27019,CBVA.2011.33,100,17,10.9575,14.68825
SI,CBVA,34.27019,CBVA.2011.34,NA,18,10.87975,13.0845
SI,CBVA,34.27019,CBVA.2011.35,115,23,9.892,13.90425
SI,CBVA,34.27019,CBVA.2011.36,140,23,10.72375,15.268
SI,CBVA,34.27019,CBVA.2011.37,100,16,10.63775,15.28275
SI,CBVA,34.27019,CBVA.2011.38,120,18,11.54625,14.3595
SI,CBVA,34.27019,CBVA.2011.39,120,19,11.34325,14.418
SI,CBVA,34.27019,CBVA.2011.40,110,15,10.60575,15.804
SI,CBVA,34.27019,CBVA.2011.41,100,13,9.37525,14.2825
SI,CBVA,34.27019,CBVA.2011.42,85,16,12.244,15.80925
SI,CBVA,34.27019,CBVA.2011.43,90,16,10.3685,14.5525
SI,CBVA,34.27019,CBVA.2011.44,100,15,11.322,13.41725
SI,CBVA,34.27019,CBVA.2011.45,70,11,9.4365,12.572
SI,CBVA,34.27019,CBVA.2011.46,90,12,10.1185,12.539
SI,CBVA,34.27019,CBVA.2011.47,120,14,8.292,12.28575
SI,CBVA,34.27019,CBVA.2011.48,110,12,11.326,17.079
SI,CBVA,34.27019,CBVA.2011.49,120,16,13.84075,16.43225
SI,CBVA,34.27019,CBVA.2011.50,80,14,11.31775,17.173
SI,CBVA,34.27019,CBVA.2011.51,95,13,10.29125,14.21875
SI,CBVA,34.27019,CBVA.2011.52,140,15,13.13,15.04875
SI,CBVA,34.27019,CBVA.2011.53,120,18,12.5535,14.59975
SI,CBVA,34.27019,CBVA.2011.54,115,15,12.4575,15.743
SI,CBVA,34.27019,CBVA.2011.55,100,18,10.53375,14.54575
SI,CBVA,34.27019,CBVA.2011.56,90,14,10.54075,14.53375
SI,CBVA,34.27019,CBVA.2011.57,95,13,12.095,16.08925
SI,CBVA,34.27019,CBVA.2011.58,85,12,10.39125,15.6855
SI,CBVA,34.27019,CBVA.2011.59,100,13,9.9435,18.399
SI,CBVA,34.27019,CBVA.2011.60,75,10,11.6075,15.12
SI,CBVA,34.27019,CBVA.2011.61,75,17,9.1205,14.0955
SI,CBVA,34.27019,CBVA.2011.62,110,18,8.977,14.2355
SI,CBVA,34.27019,CBVA.2011.63,180,23,11.44675,16.71525
SI,CBVA,34.27019,CBVA.2011.64,90,17,10.087,13.7035
SI,CBVA,34.27019,CBVA.2011.65,70,16,9.56225,14.2995
SI,CCOA,34.40869,CCOA.2010.1,110,21,11.465,13.09
SI,CCOA,34.40869,CCOA.2010.10,117,16,11.695,11.635
SI,CCOA,34.40869,CCOA.2010.11,125,21,11.08,10.625
SI,CCOA,34.40869,CCOA.2010.12,157,16,11.82,15.205
SI,CCOA,34.40869,CCOA.2010.13,150,19,13.07,13.715
SI,CCOA,34.40869,CCOA.2010.14,140,17,10.265,11.605
SI,CCOA,34.40869,CCOA.2010.15,140,15,10.985,12.24
SI,CCOA,34.40869,CCOA.2010.16,132,18,10.03,9.825
SI,CCOA,34.40869,CCOA.2010.17,145,20,11.4,11.92
SI,CCOA,34.40869,CCOA.2010.18,135,17,11.43,10.67
SI,CCOA,34.40869,CCOA.2010.19,112,17,12.065,11.925
SI,CCOA,34.40869,CCOA.2010.2,115,14,8.845,9.6725
SI,CCOA,34.40869,CCOA.2010.20,128,18,11.405,13.555
SI,CCOA,34.40869,CCOA.2010.21,128,17,10.27,12.555
SI,CCOA,34.40869,CCOA.2010.22,164,23,12.495,12.76
SI,CCOA,34.40869,CCOA.2010.23,156,22,13.07,13.665
SI,CCOA,34.40869,CCOA.2010.24,170,19,11.745,12.045
SI,CCOA,34.40869,CCOA.2010.25,145,17,13.705,12.305
SI,CCOA,34.40869,CCOA.2010.26,152,15,12.11,13.33
SI,CCOA,34.40869,CCOA.2010.27,160,24,12.7,14.0225
SI,CCOA,34.40869,CCOA.2010.28,145,15,12.755,13.015
SI,CCOA,34.40869,CCOA.2010.29,123,21,10.51,13.285
SI,CCOA,34.40869,CCOA.2010.3,135,17,12.915,12.485
SI,CCOA,34.40869,CCOA.2010.30,130,15,11.315,11.675
SI,CCOA,34.40869,CCOA.2010.31,130,19,10.2775,14.295
SI,CCOA,34.40869,CCOA.2010.32,120,18,11.205,13.495
SI,CCOA,34.40869,CCOA.2010.33,115,14,9.635,12.93
SI,CCOA,34.40869,CCOA.2010.34,125,17,10.49,13.57
SI,CCOA,34.40869,CCOA.2010.35,165,24,11.885,13.065
SI,CCOA,34.40869,CCOA.2010.36,150,18,10.24,8.405
SI,CCOA,34.40869,CCOA.2010.37,130,14,11.32,14.035
SI,CCOA,34.40869,CCOA.2010.38,110,14,9.12,11.145
SI,CCOA,34.40869,CCOA.2010.39,120,19,10.405,13.72
SI,CCOA,34.40869,CCOA.2010.4,130,17,11.585,12
SI,CCOA,34.40869,CCOA.2010.40,120,15,11.5925,14.83
SI,CCOA,34.40869,CCOA.2010.41,110,12,10.45,13.635
SI,CCOA,34.40869,CCOA.2010.42,120,15,11.425,14.13
SI,CCOA,34.40869,CCOA.2010.43,100,13,11.595,13.335
SI,CCOA,34.40869,CCOA.2010.44,105,16,10.4,10.275
SI,CCOA,34.40869,CCOA.2010.45,110,15,9.785,12.2
SI,CCOA,34.40869,CCOA.2010.46,125,17,10.995,12.195
SI,CCOA,34.40869,CCOA.2010.47,125,14,13.98,16.02
SI,CCOA,34.40869,CCOA.2010.48,110,12,11.255,11.9225
SI,CCOA,34.40869,CCOA.2010.49,120,14,11.38,15.315
SI,CCOA,34.40869,CCOA.2010.5,95,12,11.74,13.19
SI,CCOA,34.40869,CCOA.2010.50,120,18,11.8,12.575
SI,CCOA,34.40869,CCOA.2010.51,120,18,10.285,11.955
SI,CCOA,34.40869,CCOA.2010.52,130,14,11.62,12.005
SI,CCOA,34.40869,CCOA.2010.53,95,9,10.695,13.085
SI,CCOA,34.40869,CCOA.2010.54,180,28,11.575,12.3
SI,CCOA,34.40869,CCOA.2010.55,30,10,10.72,13.995
SI,CCOA,34.40869,CCOA.2010.56,125,15,11.835,13.89
SI,CCOA,34.40869,CCOA.2010.57,130,20,9.835,12.06
SI,CCOA,34.40869,CCOA.2010.58,120,15,10.555,15.33
SI,CCOA,34.40869,CCOA.2010.59,105,14,7.88,10.53
SI,CCOA,34.40869,CCOA.2010.6,130,19,11.39,13.43
SI,CCOA,34.40869,CCOA.2010.60,130,15,11.71,15.17
SI,CCOA,34.40869,CCOA.2010.7,155,17,10.13,11.03
SI,CCOA,34.40869,CCOA.2010.8,140,18,11.33,12.345
SI,CCOA,34.40869,CCOA.2010.9,142,17,12.89,13.285
SI,CCOA,34.40869,CCOA.2011.61,130,22,11.470625,12.2055
SI,CCOA,34.40869,CCOA.2011.62,120,16,11.4305,12.905875
SI,CCOA,34.40869,CCOA.2011.63,125,16,10.795125,12.57725
SI,CCOA,34.40869,CCOA.2011.64,140,22,10.52225,12.307
SI,CCOA,34.40869,CCOA.2011.65,110,17,11.073625,12.639625
SI,CCOA,34.40869,CCOA.2011.66,155,22,10.498,11.8765
SI,CCOA,34.40869,CCOA.2011.67,140,20,10.072875,11.44575
SI,CCOA,34.40869,CCOA.2011.68,110,19,10.77325,10.53675
SI,CCOA,34.40869,CCOA.2011.69,110,12,11.206375,13.035
SI,CCOA,34.40869,CCOA.2011.70,120,17,10.809625,10.445875
SI,CCOA,34.40869,CCOA.2011.71,130,13,11.199125,12.37
SI,CCOA,34.40869,CCOA.2011.72,110,14,8.274875,9.614625
SI,CCOA,34.40869,CCOA.2011.73,110,18,9.9415,12.26
SI,CCOA,34.40869,CCOA.2011.74,120,19,9.3505,9.629375
SI,CCOA,34.40869,CCOA.2011.75,140,20,11.1605,12.738125
SI,CCOA,34.40869,CCOA.2011.76,80,9,11.0205,11.079625
SI,CCOA,34.40869,CCOA.2011.77,155,19,9.537625,11.913875
SI,CCOA,34.40869,CCOA.2011.78,140,18,10.51,10.110875
SI,CCOA,34.40869,CCOA.2011.79,120,17,11.613125,11.829375
SI,CCOA,34.40869,CCOA.2011.80,100,12,9.95275,12.53475
SI,CCOA,34.40869,CCOA.2011.81,160,17,13.82625,14.106
SI,CCOA,34.40869,CCOA.2011.82,130,18,12.64575,12.832625
SI,CCOA,34.40869,CCOA.2011.83,140,20,12.598125,14.47575
SI,CCOA,34.40869,CCOA.2011.84,120,16,10.925625,12.091875
SI,CCOA,34.40869,CCOA.2011.85,130,18,12.217875,13.73675
SI,CCOA,34.40869,CCOA.2011.86,110,16,12.131,13.10175
SI,CCOA,34.40869,CCOA.2011.87,140,19,11.2655,12.73675
SI,CCOA,34.40869,CCOA.2011.88,120,19,10.9325,12.367125
SI,CCOA,34.40869,CCOA.2011.89,110,14,10.72275,10.887125
SI,CCOA,34.40869,CCOA.2011.90,110,18,11.266125,11.55275
SI,CGNA,35.01494,CGNA.2010.1,110,15,7.525,13.335
SI,CGNA,35.01494,CGNA.2010.10,100,13,7.13,12.09
SI,CGNA,35.01494,CGNA.2010.11,95,14,7.24,9.585
SI,CGNA,35.01494,CGNA.2010.12,100,13,7.155,11.79
SI,CGNA,35.01494,CGNA.2010.13,110,18,7.275,10.225
SI,CGNA,35.01494,CGNA.2010.14,70,11,5.955,10.4
SI,CGNA,35.01494,CGNA.2010.15,120,15,7.82,12.275
SI,CGNA,35.01494,CGNA.2010.16,110,15,7.955,12.615
SI,CGNA,35.01494,CGNA.2010.17,110,16,8.285,12.65
SI,CGNA,35.01494,CGNA.2010.18,80,14,7.055,12.755
SI,CGNA,35.01494,CGNA.2010.19,100,14,7.855,12.425
SI,CGNA,35.01494,CGNA.2010.2,100,11,9.1,13
SI,CGNA,35.01494,CGNA.2010.20,100,13,8.92,12.785
SI,CGNA,35.01494,CGNA.2010.21,120,18,7.375,12.115
SI,CGNA,35.01494,CGNA.2010.22,120,20,7.45,12.325
SI,CGNA,35.01494,CGNA.2010.23,110,16,8.565,13.35
SI,CGNA,35.01494,CGNA.2010.24,110,20,7.11,11.32
SI,CGNA,35.01494,CGNA.2010.25,95,14,6.765,12.615
SI,CGNA,35.01494,CGNA.2010.26,75,11,7,11.1375
SI,CGNA,35.01494,CGNA.2010.27,95,14,7.53,11.955
SI,CGNA,35.01494,CGNA.2010.28,80,10,8.81,12.645
SI,CGNA,35.01494,CGNA.2010.29,110,16,6.54,11.735
SI,CGNA,35.01494,CGNA.2010.3,120,16,7.045,11.68
SI,CGNA,35.01494,CGNA.2010.30,70,7,7.645,12.42
SI,CGNA,35.01494,CGNA.2010.31,130,18,9.97,13.21
SI,CGNA,35.01494,CGNA.2010.32,125,15,9.78,13.25
SI,CGNA,35.01494,CGNA.2010.33,105,16,9.235,13.675
SI,CGNA,35.01494,CGNA.2010.34,95,10,9.63,13.4
SI,CGNA,35.01494,CGNA.2010.35,80,10,7.095,13.03
SI,CGNA,35.01494,CGNA.2010.36,100,16,7.21,11.33
SI,CGNA,35.01494,CGNA.2010.37,120,19,8.54,11.205
SI,CGNA,35.01494,CGNA.2010.38,95,13,7.26,12.77
SI,CGNA,35.01494,CGNA.2010.39,95,13,7.095,12.255
SI,CGNA,35.01494,CGNA.2010.4,105,15,7.85,12.62
SI,CGNA,35.01494,CGNA.2010.40,115,16,8.215,12.985
SI,CGNA,35.01494,CGNA.2010.41,110,13,8.245,11.4
SI,CGNA,35.01494,CGNA.2010.42,125,17,7.815,13.195
SI,CGNA,35.01494,CGNA.2010.43,100,11,8.135,12.89
SI,CGNA,35.01494,CGNA.2010.44,100,15,8.37,12.015
SI,CGNA,35.01494,CGNA.2010.45,80,14,5.975,12.125
SI,CGNA,35.01494,CGNA.2010.46,110,13,7.59,12.025
SI,CGNA,35.01494,CGNA.2010.47,115,13,8.435,9.505
SI,CGNA,35.01494,CGNA.2010.48,110,20,7.755,11.06
SI,CGNA,35.01494,CGNA.2010.49,95,12,7.65,11.465
SI,CGNA,35.01494,CGNA.2010.5,115,11,7.16,11.19
SI,CGNA,35.01494,CGNA.2010.50,70,16,5.76,10.015
SI,CGNA,35.01494,CGNA.2010.51,80,10,7.12,12.72
SI,CGNA,35.01494,CGNA.2010.52,95,15,6.775,12.27
SI,CGNA,35.01494,CGNA.2010.53,80,10,7.885,12.67
SI,CGNA,35.01494,CGNA.2010.54,95,14,6.175,12.155
SI,CGNA,35.01494,CGNA.2010.55,90,17,5.86,11.64
SI,CGNA,35.01494,CGNA.2010.56,95,17,6.32,9.86
SI,CGNA,35.01494,CGNA.2010.57,95,12,8.345,12.78
SI,CGNA,35.01494,CGNA.2010.58,110,17,8.06,10.965
SI,CGNA,35.01494,CGNA.2010.59,85,13,6.105,10.225
SI,CGNA,35.01494,CGNA.2010.6,110,14,8.525,12.395
SI,CGNA,35.01494,CGNA.2010.60,100,12,7.22,11.535
SI,CGNA,35.01494,CGNA.2010.7,105,16,6.58,10.235
SI,CGNA,35.01494,CGNA.2010.8,100,15,8.36,11.07
SI,CGNA,35.01494,CGNA.2010.9,100,18,6.395,12.795
SI,CGN2A,35.02265,CGN2A.2010.1,125,20,9.505,12.83
SI,CGN2A,35.02265,CGN2A.2010.10,110,13,9.555,11.72
SI,CGN2A,35.02265,CGN2A.2010.11,110,18,8.91,11.505
SI,CGN2A,35.02265,CGN2A.2010.12,105,19,9.13,12.06
SI,CGN2A,35.02265,CGN2A.2010.13,95,16,7.365,11.005
SI,CGN2A,35.02265,CGN2A.2010.14,95,15,6.765,11.855
SI,CGN2A,35.02265,CGN2A.2010.15,90,15,8.135,10.595
SI,CGN2A,35.02265,CGN2A.2010.16,115,14,9.005,11.71
SI,CGN2A,35.02265,CGN2A.2010.17,110,12,7.795,12.185
SI,CGN2A,35.02265,CGN2A.2010.18,100,12,8.015,12.405
SI,CGN2A,35.02265,CGN2A.2010.19,95,8,6.84,11.935
SI,CGN2A,35.02265,CGN2A.2010.2,100,16,9.225,11.6
SI,CGN2A,35.02265,CGN2A.2010.20,90,15,7.715,12.9
SI,CGN2A,35.02265,CGN2A.2010.21,85,10,6.605,11.38
SI,CGN2A,35.02265,CGN2A.2010.22,100,16,9.53,13.075
SI,CGN2A,35.02265,CGN2A.2010.23,110,9,9.04,11.045
SI,CGN2A,35.02265,CGN2A.2010.24,110,14,8.905,11.12
SI,CGN2A,35.02265,CGN2A.2010.25,130,21,10.265,12.28
SI,CGN2A,35.02265,CGN2A.2010.26,105,14,8.575,12.93
SI,CGN2A,35.02265,CGN2A.2010.27,105,15,8.33,12.235
SI,CGN2A,35.02265,CGN2A.2010.28,100,15,10.06,12.73
SI,CGN2A,35.02265,CGN2A.2010.29,90,10,7.05,12.3
SI,CGN2A,35.02265,CGN2A.2010.3,140,19,9.975,13.195
SI,CGN2A,35.02265,CGN2A.2010.30,120,15,10.73,15.8
SI,CGN2A,35.02265,CGN2A.2010.31,95,10,10.46,11.99
SI,CGN2A,35.02265,CGN2A.2010.32,110,22,9.65,12.7125
SI,CGN2A,35.02265,CGN2A.2010.33,100,15,10.03,14.31
SI,CGN2A,35.02265,CGN2A.2010.34,145,21,9.67,12.01
SI,CGN2A,35.02265,CGN2A.2010.35,105,15,9.76,11.775
SI,CGN2A,35.02265,CGN2A.2010.36,80,10,7.155,12.53
SI,CGN2A,35.02265,CGN2A.2010.37,150,20,10.89,11.33
SI,CGN2A,35.02265,CGN2A.2010.38,105,18,8.405,12.76
SI,CGN2A,35.02265,CGN2A.2010.39,105,12,9.24,11.505
SI,CGN2A,35.02265,CGN2A.2010.4,140,16,10.34,12.655
SI,CGN2A,35.02265,CGN2A.2010.40,100,14,7.005,11.355
SI,CGN2A,35.02265,CGN2A.2010.41,120,19,10.9,12.455
SI,CGN2A,35.02265,CGN2A.2010.42,115,17,10.415,12.28
SI,CGN2A,35.02265,CGN2A.2010.43,120,14,9.19,13.235
SI,CGN2A,35.02265,CGN2A.2010.44,140,16,11.525,14.4
SI,CGN2A,35.02265,CGN2A.2010.45,120,16,10.145,12.8
SI,CGN2A,35.02265,CGN2A.2010.46,130,17,8.86,13.375
SI,CGN2A,35.02265,CGN2A.2010.47,95,10,10.66,13.16
SI,CGN2A,35.02265,CGN2A.2010.48,110,17,8.07,11.42
SI,CGN2A,35.02265,CGN2A.2010.49,135,20,9,11.36
SI,CGN2A,35.02265,CGN2A.2010.5,115,17,9.3025,12.08
SI,CGN2A,35.02265,CGN2A.2010.50,120,16,10.765,12.015
SI,CGN2A,35.02265,CGN2A.2010.6,125,20,7.72,13.155
SI,CGN2A,35.02265,CGN2A.2010.7,145,17,10.785,14.04
SI,CGN2A,35.02265,CGN2A.2010.8,110,20,7.76,10.81
SI,CGN2A,35.02265,CGN2A.2010.9,90,11,8.73,13.235
SI,CGN2A,35.02265,CGN2A.2011.51,115,18,10.37325,14.391
SI,CGN2A,35.02265,CGN2A.2011.52,130,18,8.92425,12.687
SI,CGN2A,35.02265,CGN2A.2011.53,110,19,7.49425,12.6035
SI,CGN2A,35.02265,CGN2A.2011.54,110,14,9.3175,11.679
SI,CGN2A,35.02265,CGN2A.2011.55,115,18,8.82375,11.88275
SI,CGN2A,35.02265,CGN2A.2011.56,130,23,7.90375,11.14725
SI,CGN2A,35.02265,CGN2A.2011.57,130,19,9.845,12.03975
SI,CGN2A,35.02265,CGN2A.2011.58,180,21,10.52975,11.29375
SI,CGN2A,35.02265,CGN2A.2011.59,130,17,8.51425,12.261
SI,CGN2A,35.02265,CGN2A.2011.60,120,17,8.14675,11.641
SI,CGN2A,35.02265,CGN2A.2011.61,110,16,6.971,12.89825
SI,CGN2A,35.02265,CGN2A.2011.62,90,17,7.94825,13.51
SI,CGN2A,35.02265,CGN2A.2011.63,90,13,7.729,13.11475
SI,CGN2A,35.02265,CGN2A.2011.64,60,8,8.94025,14.0265
SI,CGN2A,35.02265,CGN2A.2011.65,100,13,7.8685,12.066
SI,CGN2A,35.02265,CGN2A.2011.66,100,14,8.97025,14.002
SI,CGN2A,35.02265,CGN2A.2011.67,95,11,6.66375,11.586
SI,CGN2A,35.02265,CGN2A.2011.68,80,14,6.08425,10.88725
SI,CGN2A,35.02265,CGN2A.2011.69,120,16,7.97425,15.04375
SI,CGN2A,35.02265,CGN2A.2011.70,130,19,8.50775,12.76325
SI,CGN2A,35.02265,CGN2A.2011.71,100,19,8.7365,12.4445
SI,CGN2A,35.02265,CGN2A.2011.72,110,15,7.645,11.18175
SI,CGN2A,35.02265,CGN2A.2011.73,140,19,8.05475,10.6225
SI,CGN2A,35.02265,CGN2A.2011.74,120,22,8.58925,11.57225
SI,CGN2A,35.02265,CGN2A.2011.75,110,19,8.23325,12.324
SI,CGN2A,35.02265,CGN2A.2011.76,120,18,8.52575,11.63225
SI,CGN2A,35.02265,CGN2A.2011.77,110,17,7.32125,11.52
SI,CGN2A,35.02265,CGN2A.2011.78,90,17,6.1755,9.42675
SI,CGN2A,35.02265,CGN2A.2011.79,110,15,8.11675,11.835
SI,CGN2A,35.02265,CGN2A.2011.80,130,16,10.679,12.6745
SI,CGN2A,35.02265,CGN2A.2011.81,110,24,7.0265,13.45775
SI,CGN2A,35.02265,CGN2A.2011.82,110,16,7.64725,10.43275
SI,CGN2A,35.02265,CGN2A.2011.83,115,16,7.61975,14.2715
SI,CGN2A,35.02265,CGN2A.2011.84,120,21,8.27975,12.84775
SI,CGN2A,35.02265,CGN2A.2011.85,170,18,10.3575,13.605
SI,CSPA,35.30414,CSPA.2010.1,160,22,11.115,13.98
SI,CSPA,35.30414,CSPA.2010.10,100,17,9.73,13.81
SI,CSPA,35.30414,CSPA.2010.11,135,26,9.55,15.38
SI,CSPA,35.30414,CSPA.2010.12,115,14,10.24,15.59
SI,CSPA,35.30414,CSPA.2010.13,145,17,8.485,16.595
SI,CSPA,35.30414,CSPA.2010.14,100,15,9.815,16.065
SI,CSPA,35.30414,CSPA.2010.15,140,20,11.375,15.215
SI,CSPA,35.30414,CSPA.2010.16,110,16,10.17,15.16
SI,CSPA,35.30414,CSPA.2010.17,140,18,10.425,14.965
SI,CSPA,35.30414,CSPA.2010.18,110,16,10.15,13.465
SI,CSPA,35.30414,CSPA.2010.19,115,21,8.835,15.17
SI,CSPA,35.30414,CSPA.2010.2,110,15,12.61,14.745
SI,CSPA,35.30414,CSPA.2010.20,125,25,9.63,14.805
SI,CSPA,35.30414,CSPA.2010.21,110,15,10.55,14.02
SI,CSPA,35.30414,CSPA.2010.22,100,19,10.21,16.9
SI,CSPA,35.30414,CSPA.2010.23,95,19,9.415,14.445
SI,CSPA,35.30414,CSPA.2010.24,130,23,10.565,14.2
SI,CSPA,35.30414,CSPA.2010.25,120,20,8.105,15.93
SI,CSPA,35.30414,CSPA.2010.26,105,17,10.3,15.285
SI,CSPA,35.30414,CSPA.2010.27,120,18,10.46,16.28
SI,CSPA,35.30414,CSPA.2010.28,100,20,9.7775,14.99
SI,CSPA,35.30414,CSPA.2010.29,90,18,7.61,13.705
SI,CSPA,35.30414,CSPA.2010.3,180,22,11.565,17.69
SI,CSPA,35.30414,CSPA.2010.30,105,18,8.745,12.58
SI,CSPA,35.30414,CSPA.2010.31,135,20,12.21,15.975
SI,CSPA,35.30414,CSPA.2010.32,100,13,10.495,17.35
SI,CSPA,35.30414,CSPA.2010.33,100,20,11.77,19.1
SI,CSPA,35.30414,CSPA.2010.34,100,13,9.745,13.805
SI,CSPA,35.30414,CSPA.2010.35,120,16,10.18,16.98
SI,CSPA,35.30414,CSPA.2010.36,110,15,10.985,15.69
SI,CSPA,35.30414,CSPA.2010.37,100,22,7.795,16.04
SI,CSPA,35.30414,CSPA.2010.38,130,21,10.25,16.78
SI,CSPA,35.30414,CSPA.2010.39,110,17,10.635,15.54
SI,CSPA,35.30414,CSPA.2010.4,110,15,10.31,17.6025
SI,CSPA,35.30414,CSPA.2010.40,120,18,9.875,13.895
SI,CSPA,35.30414,CSPA.2010.41,110,18,9.95,15.89
SI,CSPA,35.30414,CSPA.2010.42,115,24,7.635,12.57
SI,CSPA,35.30414,CSPA.2010.43,110,16,11.115,16.27
SI,CSPA,35.30414,CSPA.2010.44,110,15,10.165,14.785
SI,CSPA,35.30414,CSPA.2010.45,105,16,9.24,13.435
SI,CSPA,35.30414,CSPA.2010.46,130,20,9.415,15.885
SI,CSPA,35.30414,CSPA.2010.47,105,19,8.305,14.45
SI,CSPA,35.30414,CSPA.2010.48,145,21,9.485,14.4075
SI,CSPA,35.30414,CSPA.2010.49,115,17,9.355,13.75
SI,CSPA,35.30414,CSPA.2010.5,145,28,10.455,15.785
SI,CSPA,35.30414,CSPA.2010.50,90,15,9.885,14.86
SI,CSPA,35.30414,CSPA.2010.51,120,16,10.17,16.35
SI,CSPA,35.30414,CSPA.2010.52,140,23,9.6,15.18
SI,CSPA,35.30414,CSPA.2010.53,130,25,9.39,15.08
SI,CSPA,35.30414,CSPA.2010.54,135,16,9.865,16.305
SI,CSPA,35.30414,CSPA.2010.55,110,16,8.485,12.375
SI,CSPA,35.30414,CSPA.2010.56,120,16,8.91,14.7225
SI,CSPA,35.30414,CSPA.2010.57,90,12,9.455,12.495
SI,CSPA,35.30414,CSPA.2010.58,100,15,8.155,14.535
SI,CSPA,35.30414,CSPA.2010.59,95,21,7.895,13.56
SI,CSPA,35.30414,CSPA.2010.6,120,25,7.3,14.285
SI,CSPA,35.30414,CSPA.2010.60,90,16,8.955,13.455
SI,CSPA,35.30414,CSPA.2010.7,105,17,10.125,16.27
SI,CSPA,35.30414,CSPA.2010.8,100,17,10.75,16.825
SI,CSPA,35.30414,CSPA.2010.9,100,16,8.125,17.06
SI,CSPA,35.30414,CSPA.2011.100,85,12,9.04025,15.3865
SI,CSPA,35.30414,CSPA.2011.101,100,11,8.18025,14.3705
SI,CSPA,35.30414,CSPA.2011.102,130,15,11.95425,16.43725
SI,CSPA,35.30414,CSPA.2011.103,100,13,9.89675,14.66
SI,CSPA,35.30414,CSPA.2011.104,150,21,9.98125,14.95075
SI,CSPA,35.30414,CSPA.2011.105,140,18,9.89575,14.36575
SI,CSPA,35.30414,CSPA.2011.106,80,9,7.82175,14.076
SI,CSPA,35.30414,CSPA.2011.107,130,18,11.056,14.45775
SI,CSPA,35.30414,CSPA.2011.108,110,18,8.354,13.728
SI,CSPA,35.30414,CSPA.2011.109,90,14,8.71975,13.80725
SI,CSPA,35.30414,CSPA.2011.110,85,10,8.32175,11.625
SI,CSPA,35.30414,CSPA.2011.111,150,19,12.0235,15.3015
SI,CSPA,35.30414,CSPA.2011.112,120,19,8.9975,16.55775
SI,CSPA,35.30414,CSPA.2011.113,130,20,8.31675,13.3015
SI,CSPA,35.30414,CSPA.2011.114,120,19,10.06625,14.165
SI,CSPA,35.30414,CSPA.2011.115,130,17,12.1595,16.5925
SI,CSPA,35.30414,CSPA.2011.116,90,15,8.40925,14.13775
SI,CSPA,35.30414,CSPA.2011.117,130,16,9.89225,16.14725
SI,CSPA,35.30414,CSPA.2011.118,110,14,8.39,15.33325
SI,CSPA,35.30414,CSPA.2011.119,160,21,11.3935,16.2
SI,CSPA,35.30414,CSPA.2011.120,95,15,9.89525,15.03075
SI,CSPA,35.30414,CSPA.2011.121,110,16,9.6815,14.23925
SI,CSPA,35.30414,CSPA.2011.122,95,13,8.24575,13.7335
SI,CSPA,35.30414,CSPA.2011.123,130,22,8.5845,17.31375
SI,CSPA,35.30414,CSPA.2011.124,130,16,9.02475,14.2725
SI,CSPA,35.30414,CSPA.2011.125,130,20,8.83675,14.90625
SI,CSPA,35.30414,CSPA.2011.61,140,24,11.5555,15.639
SI,CSPA,35.30414,CSPA.2011.62,110,16,10.26475,12.877
SI,CSPA,35.30414,CSPA.2011.63,120,17,10.28725,14.00875
SI,CSPA,35.30414,CSPA.2011.64,120,16,9.55175,13.526
SI,CSPA,35.30414,CSPA.2011.65,90,15,10.64175,15.40175
SI,CSPA,35.30414,CSPA.2011.66,110,17,11.38175,15.15525
SI,CSPA,35.30414,CSPA.2011.67,100,15,9.6685,14.15675
SI,CSPA,35.30414,CSPA.2011.68,110,21,10.862,15.216
SI,CSPA,35.30414,CSPA.2011.69,90,11,10.4235,14.55375
SI,CSPA,35.30414,CSPA.2011.70,140,21,10.35125,15.471
SI,CSPA,35.30414,CSPA.2011.71,110,13,10.6355,13.5465
SI,CSPA,35.30414,CSPA.2011.72,110,12,9.4315,16.0945
SI,CSPA,35.30414,CSPA.2011.73,120,15,9.3105,14.00475
SI,CSPA,35.30414,CSPA.2011.74,105,15,10.16225,13.58175
SI,CSPA,35.30414,CSPA.2011.75,120,18,11.8455,16.63275
SI,CSPA,35.30414,CSPA.2011.76,190,21,15.08425,15.29175
SI,CSPA,35.30414,CSPA.2011.77,120,18,12.46725,15.13125
SI,CSPA,35.30414,CSPA.2011.78,100,15,9.35625,13.85225
SI,CSPA,35.30414,CSPA.2011.79,110,19,11.1625,15.86125
SI,CSPA,35.30414,CSPA.2011.80,100,19,8.6705,14.34175
SI,CSPA,35.30414,CSPA.2011.81,120,25,9.47525,16.339
SI,CSPA,35.30414,CSPA.2011.82,110,17,10.95925,14.08
SI,CSPA,35.30414,CSPA.2011.83,120,17,11.3145,16.0795
SI,CSPA,35.30414,CSPA.2011.84,110,25,8.44825,15.8085
SI,CSPA,35.30414,CSPA.2011.85,110,17,11.59575,14.13525
SI,CSPA,35.30414,CSPA.2011.86,120,15,10.804,14.4865
SI,CSPA,35.30414,CSPA.2011.87,100,18,9.86925,14.77875
SI,CSPA,35.30414,CSPA.2011.88,100,18,10.10575,15.01525
SI,CSPA,35.30414,CSPA.2011.89,110,18,8.77425,16.4075
SI,CSPA,35.30414,CSPA.2011.90,105,16,8.33375,13.97725
SI,CSPA,35.30414,CSPA.2011.91,130,21,10.1285,16.08475
SI,CSPA,35.30414,CSPA.2011.92,110,15,9.14375,15.173
SI,CSPA,35.30414,CSPA.2011.93,130,18,9.239,15.5165
SI,CSPA,35.30414,CSPA.2011.94,120,19,10.7545,15.826
SI,CSPA,35.30414,CSPA.2011.95,130,18,8.132,15.5935
SI,CSPA,35.30414,CSPA.2011.96,130,20,11.51575,16.1005
SI,CSPA,35.30414,CSPA.2011.97,110,17,7.4965,13.12225
SI,CSPA,35.30414,CSPA.2011.98,120,18,9.18925,14.791
SI,CSPA,35.30414,CSPA.2011.99,120,18,10.215,16.02425
SI,CMNA,36.91895,CMNA.2010.1,130,17,12.67,15.15
SI,CMNA,36.91895,CMNA.2010.10,100,13,10.355,13.195
SI,CMNA,36.91895,CMNA.2010.11,120,15,12.255,14.63
SI,CMNA,36.91895,CMNA.2010.12,90,17,11.235,15.805
SI,CMNA,36.91895,CMNA.2010.13,100,12,11.79,15.25
SI,CMNA,36.91895,CMNA.2010.14,120,16,9.7475,13.455
SI,CMNA,36.91895,CMNA.2010.15,130,14,11.92,13.86
SI,CMNA,36.91895,CMNA.2010.16,125,24,11.245,14.81
SI,CMNA,36.91895,CMNA.2010.17,135,20,11.32,13.645
SI,CMNA,36.91895,CMNA.2010.18,120,15,12.16,13.94
SI,CMNA,36.91895,CMNA.2010.19,100,15,9.94,14.63
SI,CMNA,36.91895,CMNA.2010.2,130,15,11.495,14.985
SI,CMNA,36.91895,CMNA.2010.20,125,16,10.535,12.655
SI,CMNA,36.91895,CMNA.2010.21,125,17,11.195,13.68
SI,CMNA,36.91895,CMNA.2010.22,120,18,12.155,14.61
SI,CMNA,36.91895,CMNA.2010.23,100,15,10.705,14.87
SI,CMNA,36.91895,CMNA.2010.24,122,18,9.76,13.975
SI,CMNA,36.91895,CMNA.2010.25,125,17,11.385,13.685
SI,CMNA,36.91895,CMNA.2010.26,125,13,11.155,12.715
SI,CMNA,36.91895,CMNA.2010.27,105,14,10.65,14.35
SI,CMNA,36.91895,CMNA.2010.28,120,19,10.825,13.075
SI,CMNA,36.91895,CMNA.2010.29,120,13,11.38,12.97
SI,CMNA,36.91895,CMNA.2010.3,140,20,9.825,12.02
SI,CMNA,36.91895,CMNA.2010.30,140,18,12.07,13.47
SI,CMNA,36.91895,CMNA.2010.31,120,13,12.665,14.13
SI,CMNA,36.91895,CMNA.2010.32,145,20,12.785,15.17
SI,CMNA,36.91895,CMNA.2010.33,130,15,10.365,14.7
SI,CMNA,36.91895,CMNA.2010.34,145,16,12.685,14.595
SI,CMNA,36.91895,CMNA.2010.35,115,17,11.89,14.82
SI,CMNA,36.91895,CMNA.2010.36,130,16,11.25,13.72
SI,CMNA,36.91895,CMNA.2010.37,125,15,10.085,12.69
SI,CMNA,36.91895,CMNA.2010.38,125,20,10.48,15.08
SI,CMNA,36.91895,CMNA.2010.39,120,15,11.555,14.33
SI,CMNA,36.91895,CMNA.2010.4,130,16,11.72,14.315
SI,CMNA,36.91895,CMNA.2010.40,130,15,12.32,13.52
SI,CMNA,36.91895,CMNA.2010.41,125,19,10.32,15.6
SI,CMNA,36.91895,CMNA.2010.42,130,16,12.49,14.645
SI,CMNA,36.91895,CMNA.2010.43,85,16,9.915,15.085
SI,CMNA,36.91895,CMNA.2010.44,155,20,13.125,14.715
SI,CMNA,36.91895,CMNA.2010.45,120,17,12.945,14.505
SI,CMNA,36.91895,CMNA.2010.46,115,18,10.08,15.415
SI,CMNA,36.91895,CMNA.2010.47,155,17,12.085,14.825
SI,CMNA,36.91895,CMNA.2010.48,90,12,10.27,13.095
SI,CMNA,36.91895,CMNA.2010.49,110,13,9.975,12.5
SI,CMNA,36.91895,CMNA.2010.5,135,13,12.485,13.695
SI,CMNA,36.91895,CMNA.2010.50,95,15,10.47,15.03
SI,CMNA,36.91895,CMNA.2010.51,115,16,10.385,12.69
SI,CMNA,36.91895,CMNA.2010.52,95,12,10.14,13.395
SI,CMNA,36.91895,CMNA.2010.53,130,12,12.645,14.73
SI,CMNA,36.91895,CMNA.2010.54,130,16,10.985,13.74
SI,CMNA,36.91895,CMNA.2010.55,105,15,10.665,12.845
SI,CMNA,36.91895,CMNA.2010.56,120,15,12.06,13.295
SI,CMNA,36.91895,CMNA.2010.57,90,13,13.905,16.695
SI,CMNA,36.91895,CMNA.2010.58,105,14,10.27,13.52
SI,CMNA,36.91895,CMNA.2010.59,110,15,12.315,14.89
SI,CMNA,36.91895,CMNA.2010.6,110,24,12.235,15.835
SI,CMNA,36.91895,CMNA.2010.60,120,17,11.065,14.71
SI,CMNA,36.91895,CMNA.2010.7,125,19,13.5,14.425
SI,CMNA,36.91895,CMNA.2010.8,90,14,11.975,14.46
SI,CMNA,36.91895,CMNA.2010.9,130,16,11.11,13.515
SI,CMNA,36.91895,CMNA.2011.100,110,18,10.4655,13.13025
SI,CMNA,36.91895,CMNA.2011.101,105,15,10.6775,12.9785
SI,CMNA,36.91895,CMNA.2011.102,120,14,11.1925,13.77925
SI,CMNA,36.91895,CMNA.2011.103,110,13,11.134,13.39925
SI,CMNA,36.91895,CMNA.2011.104,100,11,12.08425,13.18475
SI,CMNA,36.91895,CMNA.2011.105,100,13,11.536,12.56375
SI,CMNA,36.91895,CMNA.2011.106,110,15,11.35075,13.74875
SI,CMNA,36.91895,CMNA.2011.107,150,18,12.56325,12.49225
SI,CMNA,36.91895,CMNA.2011.108,150,18,12.537,13.04975
SI,CMNA,36.91895,CMNA.2011.109,110,16,11.31925,12.586
SI,CMNA,36.91895,CMNA.2011.110,100,12,10.4715,12.96025
SI,CMNA,36.91895,CMNA.2011.111,105,14,10.8705,13.38225
SI,CMNA,36.91895,CMNA.2011.112,120,13,11.34025,12.1725
SI,CMNA,36.91895,CMNA.2011.113,100,15,13.53775,15.18325
SI,CMNA,36.91895,CMNA.2011.114,95,11,11.3685,13.5995
SI,CMNA,36.91895,CMNA.2011.115,140,16,11.43975,13.54725
SI,CMNA,36.91895,CMNA.2011.116,105,16,11.49325,12.58775
SI,CMNA,36.91895,CMNA.2011.117,130,15,11.09675,12.544
SI,CMNA,36.91895,CMNA.2011.118,120,15,13.16875,13.91575
SI,CMNA,36.91895,CMNA.2011.119,110,16,11.11525,12.96225
SI,CMNA,36.91895,CMNA.2011.120,120,17,12.407,14.16175
SI,CMNA,36.91895,CMNA.2011.121,90,14,12.6325,13.84775
SI,CMNA,36.91895,CMNA.2011.122,110,16,10.8925,12.1235
SI,CMNA,36.91895,CMNA.2011.123,130,18,12.5255,11.49725
SI,CMNA,36.91895,CMNA.2011.124,120,20,9.97675,12.26625
SI,CMNA,36.91895,CMNA.2011.125,100,16,11.5185,12.03025
SI,CMNA,36.91895,CMNA.2011.126,145,15,11.98875,12.27725
SI,CMNA,36.91895,CMNA.2011.127,110,18,9.46875,13.049
SI,CMNA,36.91895,CMNA.2011.128,100,13,10.6035,14.221
SI,CMNA,36.91895,CMNA.2011.129,110,14,10.9955,13.62
SI,CMNA,36.91895,CMNA.2011.130,110,13,9.352,11.26575
SI,CMNA,36.91895,CMNA.2011.61,130,16,13.003,12.89625
SI,CMNA,36.91895,CMNA.2011.62,120,11,13.2715,14.462
SI,CMNA,36.91895,CMNA.2011.63,120,17,13.19925,13.0975
SI,CMNA,36.91895,CMNA.2011.64,130,18,13.458,14.8835
SI,CMNA,36.91895,CMNA.2011.65,110,12,12.39425,14.28525
SI,CMNA,36.91895,CMNA.2011.66,110,13,11.04525,13.6645
SI,CMNA,36.91895,CMNA.2011.67,130,18,12.6105,12.83825
SI,CMNA,36.91895,CMNA.2011.68,120,17,11.37575,13.04775
SI,CMNA,36.91895,CMNA.2011.69,120,14,12.014,12.52725
SI,CMNA,36.91895,CMNA.2011.70,130,17,12.16,13.36775
SI,CMNA,36.91895,CMNA.2011.71,120,16,10.0525,12.125
SI,CMNA,36.91895,CMNA.2011.72,120,17,12.538,14.45225
SI,CMNA,36.91895,CMNA.2011.73,140,16,10.94925,11.89075
SI,CMNA,36.91895,CMNA.2011.74,110,19,11.18075,13.066
SI,CMNA,36.91895,CMNA.2011.75,100,15,11.2915,13.23825
SI,CMNA,36.91895,CMNA.2011.76,120,12,11.4385,12.59775
SI,CMNA,36.91895,CMNA.2011.77,130,13,11.75725,11.9145
SI,CMNA,36.91895,CMNA.2011.78,100,15,8.533,11.554
SI,CMNA,36.91895,CMNA.2011.79,110,13,9.51775,11.17075
SI,CMNA,36.91895,CMNA.2011.80,120,16,12.54925,11.93125
SI,CMNA,36.91895,CMNA.2011.81,130,17,11.3695,13.291
SI,CMNA,36.91895,CMNA.2011.82,120,14,11.73125,11.818
SI,CMNA,36.91895,CMNA.2011.83,130,17,10.7445,13.724
SI,CMNA,36.91895,CMNA.2011.84,110,17,12.36475,14.2105
SI,CMNA,36.91895,CMNA.2011.85,100,11,11.57875,12.34325
SI,CMNA,36.91895,CMNA.2011.86,105,13,11.07125,12.44525
SI,CMNA,36.91895,CMNA.2011.87,110,13,11.96975,13.19475
SI,CMNA,36.91895,CMNA.2011.88,140,15,9.87775,12.149
SI,CMNA,36.91895,CMNA.2011.89,110,12,11.61775,12.01725
SI,CMNA,36.91895,CMNA.2011.90,110,12,11.11425,13.147
SI,CMNA,36.91895,CMNA.2011.91,120,17,13.49475,13.92725
SI,CMNA,36.91895,CMNA.2011.92,120,13,12.3815,14.5305
SI,CMNA,36.91895,CMNA.2011.93,90,13,11.481,13.72225
SI,CMNA,36.91895,CMNA.2011.94,120,15,11.393,11.4455
SI,CMNA,36.91895,CMNA.2011.95,110,16,11.95075,12.622
SI,CMNA,36.91895,CMNA.2011.96,110,13,11.7445,12.874
SI,CMNA,36.91895,CMNA.2011.97,120,13,12.3365,12.85675
SI,CMNA,36.91895,CMNA.2011.98,140,16,13.12,12.3965
SI,CMNA,36.91895,CMNA.2011.99,110,16,12.225,14.62375
SI,CWRA,36.95494,CWRA.2010.1,125,18,9.77,14.34
SI,CWRA,36.95494,CWRA.2010.10,120,13,10.845,12.49
SI,CWRA,36.95494,CWRA.2010.11,120,12,12.69,14.215
SI,CWRA,36.95494,CWRA.2010.12,130,16,11.855,12.075
SI,CWRA,36.95494,CWRA.2010.13,125,13,11.375,12.87
SI,CWRA,36.95494,CWRA.2010.14,100,15,12.955,14.065
SI,CWRA,36.95494,CWRA.2010.15,110,12,12.09,13.595
SI,CWRA,36.95494,CWRA.2010.16,120,14,12.575,12.865
SI,CWRA,36.95494,CWRA.2010.17,115,18,11.995,13.87
SI,CWRA,36.95494,CWRA.2010.18,110,12,11.69,12.29
SI,CWRA,36.95494,CWRA.2010.19,130,11,13.285,12.68
SI,CWRA,36.95494,CWRA.2010.2,110,15,11.765,13.875
SI,CWRA,36.95494,CWRA.2010.20,85,16,13.355,14.715
SI,CWRA,36.95494,CWRA.2010.21,125,16,12.44,13.95
SI,CWRA,36.95494,CWRA.2010.22,105,11,10.895,13.005
SI,CWRA,36.95494,CWRA.2010.23,125,14,11.7,12.655
SI,CWRA,36.95494,CWRA.2010.24,85,10,9.905,11.59
SI,CWRA,36.95494,CWRA.2010.25,100,8,12.545,13.605
SI,CWRA,36.95494,CWRA.2010.26,130,12,12.225,11.73
SI,CWRA,36.95494,CWRA.2010.27,140,14,13.175,12.255
SI,CWRA,36.95494,CWRA.2010.28,120,17,11.28,12.615
SI,CWRA,36.95494,CWRA.2010.29,100,16,5.955,11.645
SI,CWRA,36.95494,CWRA.2010.3,125,17,11.05,13.115
SI,CWRA,36.95494,CWRA.2010.30,105,10,9.9,13.175
SI,CWRA,36.95494,CWRA.2010.31,105,12,10.95,13.845
SI,CWRA,36.95494,CWRA.2010.32,120,19,11.375,15.545
SI,CWRA,36.95494,CWRA.2010.33,105,13,11.575,13.36
SI,CWRA,36.95494,CWRA.2010.34,110,17,10.63,13.29
SI,CWRA,36.95494,CWRA.2010.35,110,14,10.52,13.165
SI,CWRA,36.95494,CWRA.2010.36,120,13,11.23,12.295
SI,CWRA,36.95494,CWRA.2010.37,95,14,10.61,12.63
SI,CWRA,36.95494,CWRA.2010.38,120,15,10.53,13.47
SI,CWRA,36.95494,CWRA.2010.39,120,16,12.96,13.605
SI,CWRA,36.95494,CWRA.2010.4,90,13,10.225,12.34
SI,CWRA,36.95494,CWRA.2010.40,130,14,8.315,14.015
SI,CWRA,36.95494,CWRA.2010.41,110,14,11.15,15.18
SI,CWRA,36.95494,CWRA.2010.42,135,15,12.76,14.305
SI,CWRA,36.95494,CWRA.2010.43,90,16,11.1825,13.885
SI,CWRA,36.95494,CWRA.2010.44,105,12,10.8,12.505
SI,CWRA,36.95494,CWRA.2010.45,110,13,11.83,13.72
SI,CWRA,36.95494,CWRA.2010.46,100,12,9.555,13.005
SI,CWRA,36.95494,CWRA.2010.47,100,14,9.87,12.73
SI,CWRA,36.95494,CWRA.2010.48,110,16,11.935,14.125
SI,CWRA,36.95494,CWRA.2010.49,105,17,12.44,14.55
SI,CWRA,36.95494,CWRA.2010.5,120,10,10.075,11.65
SI,CWRA,36.95494,CWRA.2010.50,110,15,12.75,13.96
SI,CWRA,36.95494,CWRA.2010.51,110,17,10.78,12.735
SI,CWRA,36.95494,CWRA.2010.52,115,22,10.585,13.47
SI,CWRA,36.95494,CWRA.2010.53,125,17,11.325,13.84
SI,CWRA,36.95494,CWRA.2010.54,115,14,10.085,12.83
SI,CWRA,36.95494,CWRA.2010.55,130,14,10.485,14.67
SI,CWRA,36.95494,CWRA.2010.56,125,13,10.845,13.555
SI,CWRA,36.95494,CWRA.2010.57,130,14,10.88,12.335
SI,CWRA,36.95494,CWRA.2010.58,95,12,11.215,13.73
SI,CWRA,36.95494,CWRA.2010.59,115,20,10.83,13.385
SI,CWRA,36.95494,CWRA.2010.6,110,12,10.32,13.365
SI,CWRA,36.95494,CWRA.2010.60,95,12,11.155,14.3625
SI,CWRA,36.95494,CWRA.2010.7,110,16,11.41,15.095
SI,CWRA,36.95494,CWRA.2010.8,130,17,12.355,13.715
SI,CWRA,36.95494,CWRA.2010.9,100,10,10.95,12.325
SI,CWRA,36.95494,CWRA.2011.100,90,14,10.0425,14.7315
SI,CWRA,36.95494,CWRA.2011.101,120,15,13.2785,13.28025
SI,CWRA,36.95494,CWRA.2011.102,110,14,11.9455,14.8635
SI,CWRA,36.95494,CWRA.2011.103,90,13,10.20575,11.51775
SI,CWRA,36.95494,CWRA.2011.104,140,17,10.62475,13.09725
SI,CWRA,36.95494,CWRA.2011.105,100,10,11.3915,11.97125
SI,CWRA,36.95494,CWRA.2011.106,100,16,11.50075,13.113
SI,CWRA,36.95494,CWRA.2011.107,120,16,12.15575,13.629
SI,CWRA,36.95494,CWRA.2011.108,120,15,14.51,14.325
SI,CWRA,36.95494,CWRA.2011.109,110,17,12.634,14.10125
SI,CWRA,36.95494,CWRA.2011.110,120,13,12.84425,12.20775
SI,CWRA,36.95494,CWRA.2011.111,130,16,10.73875,13.02425
SI,CWRA,36.95494,CWRA.2011.112,105,13,12.384,14.33325
SI,CWRA,36.95494,CWRA.2011.113,100,13,12.4145,13.091
SI,CWRA,36.95494,CWRA.2011.114,110,13,14.352,14.025
SI,CWRA,36.95494,CWRA.2011.115,110,13,12.732,12.766
SI,CWRA,36.95494,CWRA.2011.116,120,14,13.39825,12.8605
SI,CWRA,36.95494,CWRA.2011.117,130,13,11.60475,13.223
SI,CWRA,36.95494,CWRA.2011.118,85,10,9.25875,10.93825
SI,CWRA,36.95494,CWRA.2011.119,115,15,11.33,12.05925
SI,CWRA,36.95494,CWRA.2011.120,120,15,12.066,13.25275
SI,CWRA,36.95494,CWRA.2011.121,120,15,12.65875,13.61325
SI,CWRA,36.95494,CWRA.2011.122,110,16,9.77025,12.27775
SI,CWRA,36.95494,CWRA.2011.123,120,13,12.1075,13.20725
SI,CWRA,36.95494,CWRA.2011.124,110,15,8.9375,11.838
SI,CWRA,36.95494,CWRA.2011.125,95,14,12.01125,13.147
SI,CWRA,36.95494,CWRA.2011.61,130,15,12.42075,12.896
SI,CWRA,36.95494,CWRA.2011.62,110,17,11.393,13.3435
SI,CWRA,36.95494,CWRA.2011.63,110,13,12.5495,12.30575
SI,CWRA,36.95494,CWRA.2011.64,125,14,11.81175,11.67325
SI,CWRA,36.95494,CWRA.2011.65,140,16,14.084,13.25825
SI,CWRA,36.95494,CWRA.2011.66,120,17,10.612,12.02025
SI,CWRA,36.95494,CWRA.2011.67,140,13,12.84675,12.187
SI,CWRA,36.95494,CWRA.2011.68,110,15,11.59125,12.6835
SI,CWRA,36.95494,CWRA.2011.69,130,14,11.36725,12.54275
SI,CWRA,36.95494,CWRA.2011.70,155,16,13.26875,13.059
SI,CWRA,36.95494,CWRA.2011.71,100,12,11.63425,11.41475
SI,CWRA,36.95494,CWRA.2011.72,120,18,10.91775,13.58325
SI,CWRA,36.95494,CWRA.2011.73,130,16,12.50375,12.6275
SI,CWRA,36.95494,CWRA.2011.74,110,18,12.62025,12.393
SI,CWRA,36.95494,CWRA.2011.75,100,12,11.25675,12.174
SI,CWRA,36.95494,CWRA.2011.76,80,12,11.05275,12.487
SI,CWRA,36.95494,CWRA.2011.77,70,16,11.38,12.181
SI,CWRA,36.95494,CWRA.2011.78,100,15,11.63425,12.94975
SI,CWRA,36.95494,CWRA.2011.79,110,16,11.90725,12.63175
SI,CWRA,36.95494,CWRA.2011.80,NA,18,11.3595,13.83775
SI,CWRA,36.95494,CWRA.2011.81,105,16,11.28675,11.61325
SI,CWRA,36.95494,CWRA.2011.82,100,17,10.54075,12.58525
SI,CWRA,36.95494,CWRA.2011.83,120,16,11.32825,13.26225
SI,CWRA,36.95494,CWRA.2011.84,90,15,9.10525,12.07675
SI,CWRA,36.95494,CWRA.2011.85,90,13,11.10375,12.44025
SI,CWRA,36.95494,CWRA.2011.86,100,14,10.03125,13.21125
SI,CWRA,36.95494,CWRA.2011.87,90,12,8.68525,11.8235
SI,CWRA,36.95494,CWRA.2011.88,100,13,10.929,11.41875
SI,CWRA,36.95494,CWRA.2011.89,70,13,9.682,12.71525
SI,CWRA,36.95494,CWRA.2011.90,90,15,10.733,12.54
SI,CWRA,36.95494,CWRA.2011.91,120,15,12.6535,13.6035
SI,CWRA,36.95494,CWRA.2011.92,130,16,14.3815,14.08325
SI,CWRA,36.95494,CWRA.2011.93,130,17,12.797,13.787
SI,CWRA,36.95494,CWRA.2011.94,120,14,14.30125,13.62175
SI,CWRA,36.95494,CWRA.2011.95,110,17,12.668,13.5605
SI,CWRA,36.95494,CWRA.2011.96,120,18,12.737,13.3035
SI,CWRA,36.95494,CWRA.2011.97,100,14,12.61975,14.42075
SI,CWRA,36.95494,CWRA.2011.98,110,16,11.6265,12.9705
SI,CWRA,36.95494,CWRA.2011.99,90,15,10.03875,12.121
SI,CSEA,36.97229,CSEA.2010.1,160,15,13.46,16.285
SI,CSEA,36.97229,CSEA.2010.10,90,11,10.825,15.475
SI,CSEA,36.97229,CSEA.2010.11,120,13,11.695,12.815
SI,CSEA,36.97229,CSEA.2010.12,140,16,14.205,13.31
SI,CSEA,36.97229,CSEA.2010.13,110,12,11.35,14.295
SI,CSEA,36.97229,CSEA.2010.14,130,17,13.205,13.48
SI,CSEA,36.97229,CSEA.2010.15,120,13,11.38,13.51
SI,CSEA,36.97229,CSEA.2010.16,100,17,10.625,13.21
SI,CSEA,36.97229,CSEA.2010.17,130,18,10.715,13.035
SI,CSEA,36.97229,CSEA.2010.18,150,20,12.615,12.355
SI,CSEA,36.97229,CSEA.2010.19,100,10,12.0225,13.57
SI,CSEA,36.97229,CSEA.2010.2,113,22,12.21,13.905
SI,CSEA,36.97229,CSEA.2010.20,130,16,12.56,13.975
SI,CSEA,36.97229,CSEA.2010.21,100,15,10.365,14.445
SI,CSEA,36.97229,CSEA.2010.22,110,12,11.505,13.505
SI,CSEA,36.97229,CSEA.2010.23,120,20,12.665,12.955
SI,CSEA,36.97229,CSEA.2010.24,130,17,9.35,13.725
SI,CSEA,36.97229,CSEA.2010.25,130,17,13.725,15.415
SI,CSEA,36.97229,CSEA.2010.26,NA,13,10.22,12.67
SI,CSEA,36.97229,CSEA.2010.27,130,17,12.81,13.215
SI,CSEA,36.97229,CSEA.2010.28,120,15,13.26,14.645
SI,CSEA,36.97229,CSEA.2010.29,130,14,10.7,11.97
SI,CSEA,36.97229,CSEA.2010.3,125,18,11.08,13.645
SI,CSEA,36.97229,CSEA.2010.30,140,19,12.68,14.245
SI,CSEA,36.97229,CSEA.2010.4,115,14,11.735,13.715
SI,CSEA,36.97229,CSEA.2010.5,150,15,14.25,13.32
SI,CSEA,36.97229,CSEA.2010.6,110,14,12.015,12.76
SI,CSEA,36.97229,CSEA.2010.7,150,18,11.925,13.2
SI,CSEA,36.97229,CSEA.2010.8,110,12,12.25,13.63
SI,CSEA,36.97229,CSEA.2010.9,110,16,10.515,14.49
SI,CSEA,36.97229,CSEA.2011.31,115,14,11.218,13.003
SI,CSEA,36.97229,CSEA.2011.32,100,9,13.39425,13.8975
SI,CSEA,36.97229,CSEA.2011.33,150,16,13.74275,13.8095
SI,CSEA,36.97229,CSEA.2011.34,120,15,12.386,13.292
SI,CSEA,36.97229,CSEA.2011.35,100,17,9.929,10.6845
SI,CSEA,36.97229,CSEA.2011.36,110,10,13.1465,13.633
SI,CSEA,36.97229,CSEA.2011.37,95,15,11.3105,11.00975
SI,CSEA,36.97229,CSEA.2011.38,100,16,9.79275,10.69725
SI,CSEA,36.97229,CSEA.2011.39,110,17,12.58275,12.85075
SI,CSEA,36.97229,CSEA.2011.40,110,13,13.85625,14.2225
SI,CSEA,36.97229,CSEA.2011.41,120,19,11.18825,12.85525
SI,CSEA,36.97229,CSEA.2011.42,110,17,11.9665,14.21425
SI,CSEA,36.97229,CSEA.2011.43,110,18,11.123,12.42475
SI,CSEA,36.97229,CSEA.2011.44,130,14,10.6935,11.4805
SI,CSEA,36.97229,CSEA.2011.45,100,12,11.286,13.62025
SI,CSEA,36.97229,CSEA.2011.46,110,14,10.92925,12.282
SI,CSEA,36.97229,CSEA.2011.47,130,18,12.804,13.44225
SI,CSEA,36.97229,CSEA.2011.48,140,19,12.01025,13.69125
SI,CSEA,36.97229,CSEA.2011.49,105,17,10.76725,11.7765
SI,CSEA,36.97229,CSEA.2011.50,100,17,11.127,13.88925
SI,CSEA,36.97229,CSEA.2011.51,110,16,12.619,13.98375
SI,CSEA,36.97229,CSEA.2011.52,75,9,10.33175,10.64975
SI,CSEA,36.97229,CSEA.2011.53,120,15,12.69475,13.47725
SI,CSEA,36.97229,CSEA.2011.54,110,16,9.918,12.7175
SI,CSEA,36.97229,CSEA.2011.55,110,15,10.77175,13.84
SI,CSEA,36.97229,CSEA.2011.56,110,14,10.003,12.1515
SI,CSEA,36.97229,CSEA.2011.57,100,13,11.733,13.555
SI,CSEA,36.97229,CSEA.2011.58,90,15,11.00275,12.19325
SI,CSEA,36.97229,CSEA.2011.59,110,16,10.62525,11.753
SI,CSEA,36.97229,CSEA.2011.60,105,18,12.0005,14.60075
SI,CSEA,36.97229,CSEA.2011.61,100,17,9.60125,12.53875
SI,CSEA,36.97229,CSEA.2011.62,110,15,11.8605,14.5395
SI,CSEA,36.97229,CSEA.2011.63,110,14,12.12875,12.32175
SI,CSEA,36.97229,CSEA.2011.64,110,14,11.40725,13.54775
SI,CSEA,36.97229,CSEA.2011.65,95,13,10.86475,14.1315
SI,CSEA,36.97229,CSEA.2011.66,110,13,11.1955,12.67825
SI,CSEA,36.97229,CSEA.2011.67,55,9,10.88775,11.84525
SI,CSEA,36.97229,CSEA.2011.68,95,13,13.543,15.0695
SI,CSEA,36.97229,CSEA.2011.69,120,14,11.7565,12.7585
SI,CSEA,36.97229,CSEA.2011.70,80,17,8.5355,11.66175
SI,CSEA,36.97229,CSEA.2011.71,90,13,9.86425,12.99025
SI,CSEA,36.97229,CSEA.2011.72,85,12,12.301,14.83625
SI,CSEA,36.97229,CSEA.2011.73,95,14,11.6005,12.8935
SI,CSEA,36.97229,CSEA.2011.74,100,15,11.07,13.954
SI,CSEA,36.97229,CSEA.2011.75,75,12,12.0025,12.48525
SI,CSEA,36.97229,CSEA.2011.76,80,12,10.0645,12.0025
SI,CSEA,36.97229,CSEA.2011.77,120,13,12.974,13.7
SI,CSEA,36.97229,CSEA.2011.78,120,22,12.45875,14.253
SI,CSEA,36.97229,CSEA.2011.79,120,16,11.40825,13.008
SI,CSEA,36.97229,CSEA.2011.80,100,13,10.98125,11.4155
SI,CSEA,36.97229,CSEA.2011.81,130,17,12.24575,14.05225
SI,CSEA,36.97229,CSEA.2011.82,130,16,9.61775,12.333
SI,CSEA,36.97229,CSEA.2011.83,95,18,10.0555,11.40975
SI,CSEA,36.97229,CSEA.2011.84,120,14,10.77975,12.71
SI,CSEA,36.97229,CSEA.2011.85,110,13,11.408,10.92475
SI,CSEA,36.97229,CSEA.2011.86,90,10,10.3725,11.4645
SI,CSEA,36.97229,CSEA.2011.87,100,15,9.94475,12.3025
SI,CSEA,36.97229,CSEA.2011.88,90,12,9.767,14.25825
SI,CSEA,36.97229,CSEA.2011.89,75,12,10.40225,11.05
SI,CSEA,36.97229,CSEA.2011.90,65,12,5.3375,7.56075
SI,CSEA,36.97229,CSEA.2011.91,90,12,9.829,12.4945
SI,CSEA,36.97229,CSEA.2011.92,75,12,10.008,11.79475
SI,CSEA,36.97229,CSEA.2011.93,90,15,8.82975,11.70875
SI,CSEA,36.97229,CSEA.2011.94,110,13,11.369,13.43575
SI,CSEA,36.97229,CSEA.2011.95,80,11,10.163,11.931
SC,CFAA,40.78136,CFAA.2010.1,95,14,7.59,6.17
SC,CFAA,40.78136,CFAA.2010.10,70,11,5.92,5.875
SC,CFAA,40.78136,CFAA.2010.11,90,14,6.65,6.385
SC,CFAA,40.78136,CFAA.2010.12,110,17,6.49,6.27
SC,CFAA,40.78136,CFAA.2010.13,115,15,7,6.95
SC,CFAA,40.78136,CFAA.2010.14,95,14,7.19,7.295
SC,CFAA,40.78136,CFAA.2010.15,85,15,5.655,7.485
SC,CFAA,40.78136,CFAA.2010.16,115,13,6.36,6.85
SC,CFAA,40.78136,CFAA.2010.17,100,14,6.01,6.1
SC,CFAA,40.78136,CFAA.2010.18,95,16,6.245,6.46
SC,CFAA,40.78136,CFAA.2010.19,80,10,6.77,6.9
SC,CFAA,40.78136,CFAA.2010.2,110,14,6.905,7.38
SC,CFAA,40.78136,CFAA.2010.20,85,11,7.415,7.015
SC,CFAA,40.78136,CFAA.2010.21,95,19,6.885,6.255
SC,CFAA,40.78136,CFAA.2010.22,105,14,7.395,6.665
SC,CFAA,40.78136,CFAA.2010.23,110,16,6.89,6.525
SC,CFAA,40.78136,CFAA.2010.24,85,12,6.7,6.105
SC,CFAA,40.78136,CFAA.2010.25,105,13,6.615,5.415
SC,CFAA,40.78136,CFAA.2010.26,130,14,6.94,6.14
SC,CFAA,40.78136,CFAA.2010.27,NA,11,6.24,5.765
SC,CFAA,40.78136,CFAA.2010.28,100,14,6.145,6.59
SC,CFAA,40.78136,CFAA.2010.29,95,14,6.33,6.035
SC,CFAA,40.78136,CFAA.2010.3,125,15,7.735,7.73
SC,CFAA,40.78136,CFAA.2010.30,100,15,7.085,6.44
SC,CFAA,40.78136,CFAA.2010.4,85,10,6.1,7.06
SC,CFAA,40.78136,CFAA.2010.5,130,16,7.935,6.94
SC,CFAA,40.78136,CFAA.2010.6,90,16,5.68,6.125
SC,CFAA,40.78136,CFAA.2010.7,75,14,6.39,6.51
SC,CFAA,40.78136,CFAA.2010.8,75,13,6.95,7.33
SC,CFAA,40.78136,CFAA.2010.9,90,10,6.56,7.375
SC,CGBA,41.36177,CGBA.2011.1,120,14,6.66925,7.3555
SC,CGBA,41.36177,CGBA.2011.10,85,17,5.2465,6.39375
SC,CGBA,41.36177,CGBA.2011.11,75,17,4.3565,6.225
SC,CGBA,41.36177,CGBA.2011.12,80,13,5.21225,5.4795
SC,CGBA,41.36177,CGBA.2011.13,65,10,4.955,5.60275
SC,CGBA,41.36177,CGBA.2011.14,75,16,5.1665,5.9935
SC,CGBA,41.36177,CGBA.2011.15,90,17,5.2735,6.1805
SC,CGBA,41.36177,CGBA.2011.16,80,16,5.40425,6.023
SC,CGBA,41.36177,CGBA.2011.17,85,13,5.4275,5.97275
SC,CGBA,41.36177,CGBA.2011.18,90,17,5.23075,6.055
SC,CGBA,41.36177,CGBA.2011.19,90,15,6.109,6.41375
SC,CGBA,41.36177,CGBA.2011.2,110,20,7.09125,6.248
SC,CGBA,41.36177,CGBA.2011.20,85,13,6.31525,6.8335
SC,CGBA,41.36177,CGBA.2011.21,70,11,6.54575,6.765
SC,CGBA,41.36177,CGBA.2011.22,70,13,5.6145,6.27575
SC,CGBA,41.36177,CGBA.2011.23,75,15,4.674,5.84375
SC,CGBA,41.36177,CGBA.2011.24,80,13,5.1735,6.037
SC,CGBA,41.36177,CGBA.2011.25,60,11,4.899,5.6355
SC,CGBA,41.36177,CGBA.2011.26,90,13,5.256,5.937
SC,CGBA,41.36177,CGBA.2011.27,85,15,6.84425,6.577
SC,CGBA,41.36177,CGBA.2011.28,75,15,5.343,7.31225
SC,CGBA,41.36177,CGBA.2011.3,105,16,5.79075,6.5825
SC,CGBA,41.36177,CGBA.2011.30,90,14,5.79925,6.17125
SC,CGBA,41.36177,CGBA.2011.31,80,16,5.0165,5.79175
SC,CGBA,41.36177,CGBA.2011.32,90,15,7.00125,6.5135
SC,CGBA,41.36177,CGBA.2011.33,90,16,5.3005,6.13525
SC,CGBA,41.36177,CGBA.2011.34,60,10,5.407,5.91425
SC,CGBA,41.36177,CGBA.2011.35,90,11,6.77525,7.07525
SC,CGBA,41.36177,CGBA.2011.36,70,13,5.47675,6.2495
SC,CGBA,41.36177,CGBA.2011.4,100,16,5.99725,6.52825
SC,CGBA,41.36177,CGBA.2011.5,100,16,5.99825,6.8955
SC,CGBA,41.36177,CGBA.2011.6,90,13,5.41625,6.60075
SC,CGBA,41.36177,CGBA.2011.7,90,17,5.964,6.67475
SC,CGBA,41.36177,CGBA.2011.8,120,23,5.4905,5.9055
SC,CGBA,41.36177,CGBA.2011.9,120,25,7.466,7.77025
SC,COSA,41.4419,COSA.2011.1,100,12,6.05325,6.7565
SC,COSA,41.4419,COSA.2011.10,65,9,4.8965,6.1555
SC,COSA,41.4419,COSA.2011.11,80,12,4.27425,4.73575
SC,COSA,41.4419,COSA.2011.12,90,12,6.61575,6.35075
SC,COSA,41.4419,COSA.2011.13,85,9,7.14875,6.4175
SC,COSA,41.4419,COSA.2011.14,80,10,5.39825,6.72225
SC,COSA,41.4419,COSA.2011.15,90,12,6.30825,5.32225
SC,COSA,41.4419,COSA.2011.16,90,11,6.47225,6.50175
SC,COSA,41.4419,COSA.2011.17,70,10,5.589,5.93375
SC,COSA,41.4419,COSA.2011.18,90,9,5.8345,6.006
SC,COSA,41.4419,COSA.2011.19,65,10,4.53925,4.96875
SC,COSA,41.4419,COSA.2011.2,90,10,6.6155,6.9675
SC,COSA,41.4419,COSA.2011.20,70,11,4.68725,4.5185
SC,COSA,41.4419,COSA.2011.21,85,11,4.863,6.14175
SC,COSA,41.4419,COSA.2011.22,95,10,7.52025,6.79025
SC,COSA,41.4419,COSA.2011.23,80,12,6.7265,6.29975
SC,COSA,41.4419,COSA.2011.24,90,14,6.8165,5.903
SC,COSA,41.4419,COSA.2011.25,80,10,5.833,6.06775
SC,COSA,41.4419,COSA.2011.26,85,10,5.984,5.93575
SC,COSA,41.4419,COSA.2011.27,75,9,5.913,6.11475
SC,COSA,41.4419,COSA.2011.28,80,14,5.4635,6.30825
SC,COSA,41.4419,COSA.2011.29,95,14,6.0735,6.04975
SC,COSA,41.4419,COSA.2011.3,90,13,4.321,5.59675
SC,COSA,41.4419,COSA.2011.30,90,12,6.1215,5.558
SC,COSA,41.4419,COSA.2011.31,80,13,4.848,5.722
SC,COSA,41.4419,COSA.2011.32,90,11,5.82725,5.79725
SC,COSA,41.4419,COSA.2011.33,90,15,4.88175,4.51825
SC,COSA,41.4419,COSA.2011.34,80,11,4.526,4.3575
SC,COSA,41.4419,COSA.2011.35,90,11,5.7685,5.742
SC,COSA,41.4419,COSA.2011.4,60,11,4.20275,5.1155
SC,COSA,41.4419,COSA.2011.5,60,8,4.66175,5.49875
SC,COSA,41.4419,COSA.2011.6,75,12,5.9095,5.2045
SC,COSA,41.4419,COSA.2011.7,75,10,4.986,5.6045
SC,COSA,41.4419,COSA.2011.8,90,9,5.6865,5.07525
SC,COSA,41.4419,COSA.2011.9,70,11,4.156,4.423