populationtype,populationname,latitude,longitude,ovarywidth,ovaryheight,averageaugusttemperature,flowernumber,,,,,,,,,,,
A,MI M2,43.264,-84.884,3.62,3.48,21.0,,,,,,,,,,,,
A,MI M3,45.615,-84.689,3.61,3.59,18.3,,,,,,,,,,,,
A,MI M5,42.418,-84.013,2.98,2.68,20.8,,,,,,,,,,,,
A,MI M7,45.623,-84.705,3.48,4.08,18.2,,,,,,,,,,,,
A,MI M8,43.350,-85.935,3.43,2.94,20.1,,,,,,,,,,,,
A,MI M9,45.600,-84.709,3.87,3.11,18.2,,,,,,,,,,,,
A,ON M1,44.988,-78.667,3.36,3.28,19.1,47.68,,,,,,,,,,,
A,ON M11,45.301,-76.830,3.62,2.86,20.3,52.59,,,,,,,,,,,
A,ON M12,44.112,-79.546,3.55,2.87,20.2,89.00,,,,,,,,,,,
A,ON M13,44.419,-79.671,3.39,3.17,19.8,46.55,,,,,,,,,,,
A,ON M14,44.992,-79.740,3.43,2.57,19.6,13.00,,,,,,,,,,,
A,ON M15,45.901,-82.256,3.41,3.75,19.1,65.55,,,,,,,,,,,
A,ON M16,45.998,-77.430,3.42,3.11,19.5,56.69,,,,,,,,,,,
A,ON M2,44.903,-79.356,3.14,2.57,19.1,13.95,,,,,,,,,,,
A,ON M3,44.195,-79.203,3.33,3.19,19.6,28.92,,,,,,,,,,,
A,ON M4,43.878,80.105,3.25,3.25,20.0,12.40,,,,,,,,,,,
A,ON M5,44.816,-78.780,3.02,2.70,19.3,28.60,,,,,,,,,,,
A,ON M6,45.114,-78.837,3.41,2.67,19.4,14.07,,,,,,,,,,,
A,ON M7,44.904,-79.312,2.94,2.79,19.2,,,,,,,,,,,,
A,ON M8,45.258,-75.740,3.44,3.24,20.4,65.39,,,,,,,,,,,
A,ON M9,45.402,-75.975,3.91,3.30,20.4,36.84,,,,,,,,,,,
A,QC M1,45.634,-76.192,3.31,2.92,20.1,97.39,,,,,,,,,,,
S,EO T1,44.507,-76.411,3.19,2.74,21.0,,,,,,,,,,,,
S,EO T11,44.572,-76.340,3.56,2.94,20.9,,,,,,,,,,,,
S,EO T7,44.582,-76.330,3.41,3.06,20.9,,,,,,,,,,,,
S,EO T8,44.540,-76.199,3.80,2.80,19.1,,,,,,,,,,,,
S,MI T11,44.695,-85.812,3.45,3.66,19.4,,,,,,,,,,,,
S,MI T2,42.209,-84.309,3.58,3.41,21.3,,,,,,,,,,,,
S,MI T4,42.194,-84.343,4.17,3.11,21.1,,,,,,,,,,,,
S,ON D10,46.291,-78.874,2.85,2.64,19.2,21.58,,,,,,,,,,,
S,ON D2,44.106,-78.889,3.57,2.99,19.6,49.00,,,,,,,,,,,
S,ON D3,45.028,-78.849,2.61,2.17,19.1,,,,,,,,,,,,
S,ON D4,44.539,-81.246,3.88,2.95,19.3,,,,,,,,,,,,
S,ON D5,44.099,-78.328,3.32,2.96,19.6,141.45,,,,,,,,,,,
S,ON D7,44.853,-76.200,3.41,3.15,20.4,149.16,,,,,,,,,,,
S,ON D8,44.965,-76.850,3.65,3.16,20.3,56.56,,,,,,,,,,,
S,ON D9,43.859,-78.841,3.43,2.70,20.4,181.76,,,,,,,,,,,
S,ON T10,44.091,-78.306,3.68,2.94,20.0,,,,,,,,,,,,
S,ON T12,45.254,-74.719,3.71,3.11,20.4,71.55,,,,,,,,,,,
S,ON T13,45.135,-76.640,3.23,3.41,20.3,25.91,,,,,,,,,,,
S,ON T14,43.966,-77.035,3.18,2.46,20.9,39.50,,,,,,,,,,,
S,ON T15,43.418,-80.262,3.16,2.67,20.0,,,,,,,,,,,,
S,ON T16,44.902,-75.870,3.34,3.11,20.5,45.30,,,,,,,,,,,
S,ON T3,43.208,-80.650,3.35,2.83,19.6,,,,,,,,,,,,
S,ON T7,42.049,-83.106,3.78,3.18,21.6,,,,,,,,,,,,
S,ON T8,42.257,-81.859,3.30,2.88,20.8,,,,,,,,,,,,
,,,,,,,,,,,,,,,,,,
,,,,,,,,,,,,,,,,,,