"ID","Date","Conc"
1291543,2022-05-03,3.13090662618802
4972386,2021-05-27,12.8076384693814
9934712,2022-10-15,0.210824762828592
2711078,2022-05-06,0.439144781815324
8171692,2022-01-20,0.327022589240886
7859592,2021-10-24,5.86642840818147
3116653,2021-10-09,12.2584293209499
2351415,2022-10-12,0.353565156419795
5744215,2022-05-10,1.30539571395787
7789181,2022-11-27,0.195687876230592
1973884,2021-04-03,1.35898591513545
1908686,2021-12-18,6.20647087999211
4301820,2021-11-03,4.9381579894051
3313764,2021-03-28,12.121907312931
8349468,2022-06-06,0.0987171453770915
6254240,2022-08-23,0.589449760461239
8732753,2021-09-03,7.49660284444512
1354260,2022-06-15,0.350233227780472
6670329,2022-03-25,1.39635465714734
9784366,2021-10-27,7.93778613819034
5607056,2021-07-29,4.76806536367341
6566599,2021-04-22,5.99046697982388
4126690,2021-05-22,6.23348036327268
8667182,2022-06-06,2.57524354421116
3052723,2021-11-05,8.58171581399204
8635225,2021-07-22,3.23667559625335
1015541,2021-05-08,8.4981276976182
5461623,2021-03-24,19.5222556578999
4909126,2022-06-18,1.01252970312233
9403345,2021-03-08,6.8909256380336
1055096,2022-08-09,0.352515822422987
3100008,2022-11-21,0.324954513080549
1296446,2021-12-03,5.16582960419722
5986204,2021-10-19,15.3815144516808
4571739,2021-01-04,10.8760757415929
5960262,2022-07-20,1.57166703853441
2810551,2022-08-24,0.00230724943893686
1271728,2022-08-05,0.0140796242661313
8730400,2021-07-07,0.999867213206317
2963642,2022-04-10,4.54600326505104
7897376,2021-06-16,10.2753932367876
3008241,2022-06-04,0.000165362556348426
4523129,2021-10-01,9.38536806794324
5539507,2022-04-20,0.0380429901600805
4551238,2022-10-28,1.22718183229029
2729101,2021-08-11,15.2924257059411
3750345,2022-01-07,0.0336796302064469
1795933,2022-05-03,0.0433198644893152
7985316,2021-07-05,17.7735021486141
2439985,2022-03-10,0.000864123977016468
9403345,2022-03-25,2.77876124373508
7700732,2022-10-31,0.508609459791503
5897467,2021-10-01,0.186002418156221
5691061,2021-06-14,11.2176570634611
6805661,2022-08-21,1.30195612121716
1015541,2022-09-12,0.34400389057197
2465877,2021-02-25,6.27693824696361
9653090,2021-01-14,4.42033155957765
9636943,2021-06-03,11.6638579262937
9393708,2022-09-01,0.907287907982297
1428094,2022-08-07,4.2796923748893
5607056,2022-01-14,2.46968701035514
3933475,2021-07-24,15.5605937025049
3260944,2022-02-18,1.98116643895062
5540883,2021-05-20,16.3937434998517
8123122,2021-12-07,6.93338316885408
8168724,2021-08-14,2.11509317454536
6327985,2021-01-02,18.1870597685938
7758957,2022-08-13,0.31837576297359
9478460,2022-09-30,0.21003308743837
1347705,2021-12-21,8.28910335255869
8932564,2022-06-30,0.26503228256099
6731573,2022-09-18,0.511626945832528
9374416,2021-07-25,6.89281449644411
8711040,2021-10-25,2.59413925212702
6533167,2021-02-15,7.19442852853349
3019545,2021-11-18,12.2102271694198
5769327,2021-06-01,8.3211730848186
4571739,2022-07-10,0.266402945693864
5636573,2021-06-01,13.9803468031001
8732753,2022-07-19,0.0194618029715757
2382262,2021-01-18,3.82264922016047
2371050,2022-08-20,1.58676634498782
2532240,2022-04-23,0.00505199656442574
8055348,2021-12-09,7.7383373771829
4440588,2021-07-26,16.8658353937027
6652311,2021-04-06,14.0665915312865
8334750,2021-02-03,11.057192753183
1095590,2021-11-25,4.96789445196878
5301586,2021-05-30,6.1355013170622
5760772,2022-09-09,0.853482031111052
8423395,2021-10-04,8.79934196587693
4769096,2022-09-01,3.00049476661821
3103341,2021-01-04,5.40487082801823
1300113,2022-06-11,3.38200387715341
2653383,2021-11-17,10.1682341651496
9298044,2021-11-25,4.3211914184563
5635996,2021-11-10,6.36301475537457
1147002,2021-08-13,5.94631069616467
3103341,2022-10-30,0.7789539307538
2844290,2021-03-15,5.17648726611479
7974384,2021-01-06,11.120491235591
3180757,2021-05-10,7.94198799192665
6910411,2021-02-15,2.28477659569833
9733736,2022-06-09,1.95202954576613
6432302,2022-10-26,0.685235047523379
4440588,2022-10-03,0.651841853492648
6833116,2022-12-17,0.0582545844953773
1913540,2022-06-28,0.000104470643952297
2342329,2021-09-09,7.22416440830413
6473752,2022-07-02,5.16195842525761
2844290,2022-09-12,1.47850631335182
1296446,2022-09-11,0.72455234559815
9393708,2021-02-22,2.2154702166372
4000244,2021-10-29,7.82695285080515
4629334,2022-11-19,2.14274600097759
9348715,2021-01-07,10.2614951241647
6174756,2021-03-29,1.11577734725852
9643048,2021-12-20,4.80782374776128
2951728,2022-08-31,0.714963942395611
5474387,2022-07-26,0.318715245380991
7878741,2021-03-27,8.83455500040585
4579136,2022-09-13,0.0375656412391769
4922756,2022-09-23,0.000355711018232559
1151634,2021-01-07,9.86415748627725
8635225,2022-08-15,0.0406473048863687
5336821,2022-04-16,0.13390980649552
1352593,2022-09-15,0.470298684750466
1326638,2021-04-30,11.9521331842165
3477772,2022-07-14,0.994935456567423
2193216,2022-07-26,0.0695292576597466
7800192,2022-12-03,0.107904754137818
8056497,2022-08-31,0.773945938531418
8328993,2021-05-30,9.46136711576963
7867468,2022-08-23,3.04341143233608
1452207,2021-02-15,8.2318660056494
8712256,2022-12-13,1.4057904915013
7691771,2021-01-16,1.48523665798243
2193216,2021-03-29,4.32920400540851
1151634,2022-08-16,0.0937088397429496
4123479,2021-04-25,18.0224663148112
4335670,2021-07-05,8.86617126928639
3940989,2021-10-14,6.26270629977546
7878612,2021-05-03,10.3944213105747
8346084,2022-09-18,1.10271660739862
9873389,2021-05-08,10.590441722106
5069126,2021-11-07,0.500412169689297
9308139,2021-10-11,11.5594592739194
8024381,2022-03-05,1.98398710125355
4523129,2022-06-24,0.120795858327171
5474387,2021-01-04,14.4730705751119
7779062,2021-01-11,6.79506295781064
1421762,2021-03-22,9.48167872930221
5137001,2022-06-11,0.0201430110633489
4473460,2022-08-22,0.250830259340072
3784973,2022-09-19,0.00573770629263324
4833017,2021-09-23,9.74515886570845
6620155,2022-11-12,0.14606167064426
1355137,2021-08-27,7.0671585398492
2841029,2022-08-16,0.171352534403982
6217553,2022-11-10,0.0842118659154761
7217038,2022-06-04,2.88230784797813
7789476,2021-07-19,5.99459728715626
3215151,2021-01-12,6.63558416646735
1708628,2021-12-22,7.16667128748481
4463753,2022-12-22,4.17969353037146
8295368,2021-07-23,15.264041940453
4389472,2021-09-06,15.2406313246
8458965,2021-06-10,3.37241527865952
6624963,2022-03-27,0.753612207898154
9020203,2021-09-09,14.9257508924473
2351415,2021-09-11,7.91974722867698
9238317,2022-09-21,1.37758716453695
2371050,2021-06-17,15.5201519034511
7867039,2021-09-14,7.71897703336614
8055348,2022-07-10,0.182388680098302
6910411,2022-11-16,0.0600102714249501
8072362,2022-11-10,0.0759792464329398
2206732,2022-12-26,1.62899888065174
9367018,2022-12-11,0.646753271866654
2654133,2022-01-12,0.546317607331884
8295368,2022-07-18,0.347458767545124
9950413,2021-05-15,7.36722068116432
8550336,2022-07-11,1.8132577129155
6174756,2022-08-19,1.29007032384481
3904178,2021-02-08,7.783786205792
5663705,2022-06-28,0.111573426943926
6254240,2021-11-09,5.8515999275774
8404979,2022-01-05,0.872089494510053
9653923,2022-02-10,0.065776959922278
3836340,2021-08-02,7.58344415370521
6042842,2021-12-06,21.2196954508117
7515442,2021-11-09,6.55479284810276
8495155,2021-08-07,9.32820562764067
2455696,2022-04-04,0.0626303630266023
3806906,2021-02-25,17.5505247088885
7131486,2021-09-04,14.0696087302994
4273036,2021-05-24,14.4603363565604
9589019,2021-12-10,10.3820422257477
3131659,2022-12-11,0.16978325582062
9885762,2021-04-25,17.373348989051
8056497,2021-10-25,13.9641693911706
1708715,2022-06-01,0.132692530788022
4830328,2022-01-30,0.308958658839073
5814674,2021-09-16,7.03493773206084
1990810,2022-09-12,6.77242359005155
5636573,2022-11-23,1.94418402058344
6373990,2022-06-06,0.066768632955159
8743561,2022-11-07,1.77633266151409
8888125,2022-05-10,0.0436427329455533
6606110,2021-02-19,5.97397693758737
4629334,2021-10-18,4.80632156942974
3100008,2021-02-09,7.59549545497344
4335670,2022-02-10,0.593085746646953
7550341,2021-08-01,7.83691064061835
1054740,2022-02-20,0.237554194010864
1307495,2022-07-02,0.0360100462957434
5821264,2022-04-15,0.00759287169108363
9589019,2022-12-25,0.00948433297790678
7515442,2022-11-06,0.127670371443181
8096869,2022-07-17,0.627178675320246
2277202,2022-08-28,0.0303888313105096
6739807,2021-12-21,27.4117683636923
8828217,2022-06-18,3.19622701737532
9834737,2021-08-07,4.66812334730353
7006723,2022-07-06,0.151334175636105
5292648,2022-09-08,4.35598428939682
7878741,2022-05-14,0.0448450616881753
7867039,2022-04-10,2.34799139752548
5744215,2021-10-01,26.9709095631596
2206732,2021-02-14,6.85957196388589
1305945,2022-10-08,4.5134825276926
2277202,2021-08-03,7.88334083134734
2551194,2022-02-10,0.584468814645031
5461623,2022-09-27,0.159776332314406
2653383,2022-06-30,0.00045127841221362
4186769,2022-09-23,0.0188445063199507
1300113,2021-12-24,16.1934265494384
6327985,2022-10-25,2.86243708406008
1913540,2021-02-13,18.2840668149442
6620155,2021-02-14,11.8629630976838
8658836,2021-02-11,0.926617900275954
8130662,2021-03-18,13.7981415578351
2190822,2022-11-03,1.11702122645003
8130662,2022-05-24,0.880188664639792
5960262,2021-04-04,0.83908662715322
4579136,2021-02-11,0.701541132372406
1951672,2022-11-10,2.71957568489572
5294786,2021-07-02,2.51279955036271
7006723,2021-02-28,10.7831585375597
3131659,2021-05-15,3.27368745068812
8104175,2021-08-18,23.347166143273
3940989,2022-09-26,0.0135170769064249
8273804,2022-12-26,0.00037873921663532
3260944,2021-09-01,15.219451379473
2135464,2021-02-17,10.4446236631252
8096869,2021-07-16,17.4187097806858
1271728,2021-10-10,9.13379806910602
7437838,2021-07-14,4.2124206367034
2418816,2021-08-23,6.16212174583056
4833017,2022-10-20,0.0225070909268186
5153059,2021-05-27,10.6630225540786
4000244,2022-05-22,0.157696136899696
2729101,2022-04-09,0.349299424763482
6129979,2021-08-01,11.1060512592718
1634507,2021-03-16,5.41392393582256
1973884,2022-02-25,5.40422266678317
8840853,2022-01-03,5.33038421213312
8539287,2021-02-20,8.04679191782894
2780733,2021-03-15,8.11606847333846
4244024,2021-08-18,10.5122496333844
1421762,2022-12-15,0.0110038146472744
5760772,2021-02-07,19.0458628934656
8273804,2021-03-23,9.42312429481975
3358375,2022-07-04,3.17231435264624
4584433,2022-08-15,0.0200646308031538
2001620,2022-04-23,0.0734270522704419
7835369,2022-10-12,1.88606508704845
7323899,2022-02-17,0.0238949680751365
4922756,2021-07-12,7.20551605108509
5003358,2021-06-15,6.78864749884701
1666243,2022-02-28,0.327044644806223
2665354,2022-09-03,3.623045163471
8424721,2021-12-19,15.925921377054
2277004,2021-12-13,8.15008426531343
9478460,2021-10-07,6.20789463205429
7171934,2022-09-24,1.3763861924789
5778763,2022-09-10,2.6549364427341
6060951,2021-01-29,14.0471497782462
7789476,2022-11-27,0.199489916953562
4586842,2022-08-24,0.267140394421839
2551194,2021-05-15,14.7738004727705
9408382,2021-02-17,7.7585518774539
2001620,2021-03-11,0.722486654485676
8328993,2022-03-07,0.0266821357017271
9077104,2021-10-17,6.05760055506629
8496820,2022-09-12,0.0427362539154543
8421667,2021-04-28,9.2928872983406
7837563,2021-07-31,13.3051418577672
8828217,2021-01-20,5.773831784246
7457921,2022-08-20,0.610513160509166
4473460,2021-04-12,8.2524301996227
1347705,2022-12-10,3.95095755015224
1060278,2021-04-09,12.2387653925303
7384479,2021-12-23,4.04233053392557
6196800,2021-02-14,7.2348929017424
3288208,2021-08-19,17.1759467316705
2654133,2021-10-19,21.0950267460622
1452577,2022-08-04,0.029885698553811
2440132,2022-04-22,1.38755774148565
9720716,2021-03-20,2.57279738766969
7871291,2022-01-30,0.410780705112975
2774738,2022-02-17,0.803618109823939
8404979,2021-10-12,26.9244295563434
1795933,2021-03-17,11.2457958119003
3790394,2022-04-23,0.163800020925504
2757851,2022-06-17,0.237707916675421
7789181,2021-06-17,22.766211452794
9327376,2022-04-09,0.146277124263742
3806906,2022-08-14,0.26543606786667
5301586,2022-03-09,0.00284440738647631
5663705,2021-01-21,9.87859851124033
4926993,2021-08-05,17.0241600957904
6402457,2021-06-02,6.26228403863139
7867468,2021-10-01,8.56273983437497
5292648,2021-10-18,3.83243236323905
6546386,2021-09-15,16.2905841198469
1354260,2021-12-01,5.88550770951866
9408382,2022-09-11,0.422232293541313
4123479,2022-12-13,3.73328565680068
7457921,2021-11-26,11.1186852580748
4048619,2021-11-06,8.27581724227199
7700732,2021-12-04,10.5962587164313
9257190,2022-11-27,0.369144945151626
9653090,2022-06-06,0.545746840392561
9367018,2021-05-17,6.797710219928
1399841,2022-05-02,0.154060688606054
4830328,2021-07-26,18.8759968197804
2557445,2022-09-26,0.0784605773134685
5897467,2022-08-01,3.34761373044855
8203199,2021-02-09,15.6495448017974
7691771,2022-09-22,9.3320836593465
1951672,2021-10-05,14.1290191241831
3790250,2022-11-22,1.47075164421168
2536482,2021-02-02,5.26387595666535
1290775,2022-07-08,0.176906998466092
1905634,2022-04-15,0.533688081514345
3008241,2021-01-20,5.68002716676992
1005812,2022-10-17,1.14692788088742
7966871,2022-05-30,1.24156220682138
6402457,2022-04-22,2.14483161727892
9348715,2022-05-03,0.0299247518547461
9363533,2022-04-02,0.863220675085509
9951055,2022-04-23,1.77086445085351
9028289,2022-08-08,0.73114663431505
4317296,2022-07-02,0.365645426544922
1054234,2021-05-06,17.1532503938956
1352593,2021-12-06,6.8085189924558
8496820,2021-03-22,11.8364205284076
2711078,2021-02-18,16.5136571839521
4972386,2022-04-02,0.0354136119542626
9733736,2021-07-18,5.70937360949535
5769327,2022-08-07,0.533466463415403
6606110,2022-11-25,1.00928441665736
8993537,2021-04-30,5.61884700065504
5137001,2021-10-15,8.75710531444011
9456994,2021-07-16,27.1817852094962
7272390,2022-07-15,0.215231154121644
5286387,2022-12-24,0.117889698686718
1452577,2021-02-02,1.46103674596106
8658836,2022-09-03,0.0946857223316076
1436759,2021-08-31,18.7690037147194
1102650,2022-12-11,0.533849974612953
1710481,2021-08-18,8.24994095859745
1214659,2021-03-31,1.32343268880951
2404398,2022-07-19,0.100728304902018
6230058,2021-03-25,20.3805087472193
1642008,2021-04-12,12.5930963358118
8203199,2022-01-03,0.723253522720061
6652311,2022-09-16,0.00291418972165466
7813309,2022-07-27,3.01740578158842
3828160,2021-11-10,8.44361532275591
7244518,2022-08-24,0.850302715680228
5847631,2021-02-24,11.1118484570833
6566599,2022-12-24,0.569590993806276
2986894,2021-01-31,12.0654471012489
9950413,2022-06-13,0.35583235348533
8104175,2022-01-14,0.107733581145229
5286387,2021-12-16,14.5539104405229
7523863,2021-04-24,10.2334361962249
1326638,2022-12-14,0.000347437606664905
9755179,2022-05-05,0.739776025271524
8539287,2022-10-18,0.0887369906267272
1244280,2022-07-24,0.000878490923034692
9834737,2022-06-16,0.567119425971692
6783464,2021-06-02,5.4874364897257
1908686,2022-12-18,0.0412500518463514
5922393,2021-09-28,8.79131078359841
8171692,2021-12-09,1.33814935018894
3215151,2022-01-22,0.0215354126791389
4769096,2021-11-20,3.9883999622692
3633621,2022-02-25,2.58158462557073
8540683,2022-05-16,1.13527089603715
5326726,2022-10-08,0.00310740530345419
5746641,2021-01-08,26.6022521186711
8751650,2022-02-21,0.0813763921616651
2951728,2021-01-28,0.506134587553944
8840853,2021-01-06,13.5493874677271
2091024,2022-05-25,0.0305471055129194
9873389,2022-12-21,1.05775991755048
8401249,2022-11-01,2.62069862798992
9077104,2022-08-12,0.308444735505121
8366629,2021-09-21,11.3452371211279
4048619,2022-06-09,0.66482320141452
7437838,2022-12-01,0.000748764569938455
1896619,2022-04-12,1.23211234765355
3674694,2021-05-02,25.9285734470267
4186769,2021-01-31,14.2094452835548
4675013,2021-05-07,17.7741274730229
5512270,2021-11-08,1.26472435268678
7279960,2022-01-16,1.0855647655308
5153059,2022-06-22,7.0474927720976
6783464,2022-01-04,0.621218006996132
7847638,2021-10-31,6.50200330475635
1634507,2022-11-10,0.629328835238617
7461900,2021-11-23,13.8483892666327
4290002,2022-02-25,1.33039224813687
8359181,2022-08-23,0.397223075281173
1291543,2021-01-04,5.52224019411361
7279960,2021-03-25,22.2783693229808
9374416,2022-06-14,1.82065845810582
1964587,2021-08-23,10.5156076751339
6624963,2021-02-02,7.91861084415024
4907286,2022-04-14,3.83920657827264
4974182,2022-01-19,1.15565064332441
9636943,2022-08-05,1.18830437380565
1820032,2021-09-15,8.37624534545684
2557445,2021-09-14,15.0398652309077
7366012,2021-07-11,7.98199081608096
5371779,2021-08-04,11.6033839726425
1307495,2021-03-05,10.4378850061656
3834781,2022-04-17,0.542925910128604
8636871,2021-02-09,7.85597144084197
3790250,2021-07-29,10.2646070879913
5922393,2022-10-22,0.000294928883970882
9720716,2022-06-28,1.01267528721376
2218771,2021-07-20,8.23742154893631
7150431,2022-12-18,4.57642412383276
3834781,2021-04-02,16.1681400598825
3836340,2022-12-23,0.143909351612824
7171934,2021-09-14,7.68179974395361
3180757,2022-09-25,0.0437965426840079
5137004,2022-01-11,0.00914052911911389
8941937,2021-12-07,7.05911986128188
1644520,2021-11-21,3.52532263445029
2277004,2022-11-29,0.000171624776434819
4909091,2021-06-28,14.4895287360546
3116653,2022-10-31,7.80951575521491e-05
7970143,2021-12-25,15.2070311599907
7723428,2021-02-13,19.3631544669177
2229626,2022-04-12,0.12726136631536
4463753,2021-02-04,14.9880558551646
8329215,2021-12-20,11.0720456687808
7644973,2022-06-30,1.52761523808748
9020203,2022-03-03,0.0328264516637123
4028686,2022-01-22,0.225223298920021
4551238,2021-11-24,5.7400288780911
4126690,2022-12-15,0.89431213379931
5294786,2022-07-04,4.25317656122567
2439985,2021-10-15,13.9255223321689
4317296,2021-02-09,9.95515824218813
5512270,2022-07-24,0.0838352647018455
2091024,2021-05-25,7.83668559210141
4909091,2022-07-30,0.399526247892719
1095590,2022-09-08,0.961159025172084
2229626,2021-02-08,4.57591017442594
6833116,2021-07-06,3.24974700076995
2829697,2022-11-14,0.473684263438828
6129979,2022-05-21,1.08828217081003
3140930,2022-04-15,0.260093726775516
8317927,2022-03-03,0.428185348447524
1005812,2021-03-31,23.1878142958697
8622789,2022-05-10,8.33258247611724
2323151,2021-07-02,9.68803363789436
8994125,2022-01-02,0.00932406310867036
6371776,2021-03-03,11.6770048976981
7974384,2022-11-28,0.427925445252773
8853441,2022-11-24,0.587707444525649
6370690,2022-02-21,0.0339604038059254
6384905,2022-03-25,1.09663000841602
7848312,2022-01-25,0.144331375656609
6285722,2022-06-28,1.5473922173753
8622789,2021-05-19,15.304988719451
1055715,2022-08-12,6.75665526517748
2135464,2022-12-11,0.0738770067531028
1905634,2021-02-07,17.1701922025165
9841367,2022-08-30,0.757764732474258
8853441,2021-03-23,7.93824008249227
5154695,2022-08-16,0.149250896234012
2190822,2021-09-23,17.3034747669452
2507537,2022-11-01,0.00944748247008971
7997218,2021-01-14,2.84378176864535
3790394,2021-10-26,4.58215307248694
1055715,2021-11-17,0.184109611402729
2973678,2022-12-26,0.100429262072654
1829307,2022-05-26,0.584056022430232
4938257,2021-12-07,21.1813267054679
9238317,2021-11-28,1.68703943983384
8667182,2021-06-05,9.82365581995495
8932564,2021-03-07,1.53965373312665
9727036,2021-11-26,6.39151297487478
9643048,2022-05-27,0.801939784427563
2455696,2021-06-06,1.65521074388245
3648052,2022-05-10,0.0960777305283026
6034666,2021-08-03,10.5296824471177
4974182,2021-08-03,19.3700176409344
8740027,2021-10-07,4.23705058417227
4244024,2022-10-02,0.00674632734509635
1399841,2021-09-08,20.5600973819935
7893182,2021-08-02,18.5335758600115
5847631,2022-07-01,0.104940137626256
6217553,2021-08-17,8.9561033231998
2440132,2021-04-07,14.4020976704258
1248929,2022-05-08,1.91745180973901
5326726,2021-01-10,18.6375574240046
5814674,2022-05-18,2.51805343929292
8123122,2022-01-06,0.383649163220578
7461900,2022-06-07,0.780156534595995
7779062,2022-02-01,0.0916631816861933
9114272,2021-06-29,11.4595498158636
2963642,2021-12-01,6.36620318507856
5986204,2022-05-12,1.41144676335766
1351947,2021-03-17,5.80578242665522
4400725,2021-10-16,11.9737498447208
1641338,2021-07-24,17.5832995964047
4400725,2022-04-26,0.181280537327416
1163645,2022-10-19,3.46319279308423
4063995,2022-01-29,0.408709248588768
9729987,2021-04-25,11.4688368627063
7523863,2022-01-24,0.198199849017623
1686264,2022-01-22,0.2366937533922
7897376,2022-12-24,0.553006120307962
1835904,2021-03-08,6.01366264098268
9423804,2022-02-25,1.54172124425851
7985316,2022-01-15,0.0200379071476497
4907286,2021-02-15,1.8584295590801
5727475,2021-10-04,13.0531373040528
7964445,2022-05-29,3.56157246163289
2323151,2022-03-25,1.80669306449368
6371776,2022-05-25,1.0315804402459
3529968,2022-08-17,0.0994443798588252
8334750,2022-09-09,0.101153907362002
1355137,2022-08-20,0.425164823740643
5003358,2022-08-23,0.642776218934018
2382262,2022-09-02,0.296673186309757
3288208,2022-12-14,0.255452412946323
6151983,2021-04-09,5.64499320029618
6670329,2021-08-14,14.9590785393404
7477811,2021-03-31,14.4722764089308
7520991,2022-08-14,0.191872617592177
2841029,2021-06-02,10.8249136010585
8993537,2022-11-24,2.06503976567262
7244518,2021-05-07,15.1803059410073
4297158,2021-01-15,2.0330952666457
2418816,2022-07-11,10.1410391566916
7966871,2021-09-22,2.96550566612618
2100624,2022-10-20,0.825736608917104
9381605,2022-09-02,0.0430035798523332
9184430,2021-01-21,1.92221606914632
6432302,2021-08-31,4.67624573024675
3683392,2022-05-24,0.0416755322366437
8711040,2022-08-09,0.451608345456771
9507367,2021-04-29,16.2156873422668
4938257,2022-06-26,1.29672615266551
1305945,2021-08-21,0.594089456458603
5062299,2022-04-17,0.444554180993404
6473752,2021-05-23,1.89251022295869
8941937,2022-11-07,2.75083974760009
2536482,2022-03-15,0.742002765324874
8317927,2021-01-22,19.1563876935471
8636871,2022-06-16,0.0201168352659003
1054234,2022-11-19,0.34785196628921
5371779,2022-10-23,0.0324418673679202
1835904,2022-10-05,0.788972066006735
7520991,2021-10-15,6.07882031906623
8626482,2021-06-28,8.03801597643444
3908038,2021-08-14,18.8937375246453
3674694,2022-05-27,0.152537446629742
3784973,2021-06-06,3.56164042134889
3358375,2021-01-11,22.2334718216406
9184430,2022-04-20,0.0988307150900623
6739807,2022-08-25,1.24074873801915
2969195,2022-05-29,1.0302853045553
1452207,2022-03-05,1.23971528406661
9050729,2022-08-20,2.15976471291295
4028686,2021-12-10,21.7226950024153
6196800,2022-07-14,0.733238573605062
8359181,2021-01-13,6.97618820930708
9653923,2021-02-09,7.62799303221289
5137004,2021-04-03,10.9391284336532
1436759,2022-04-06,0.238412876682332
1214659,2022-11-21,0.0292270348618938
7217038,2021-01-23,4.71441552178676
2520743,2021-07-05,18.4754790192896
3477772,2021-12-06,26.3950701021998
1055096,2021-12-18,18.5087238702783
1641338,2022-04-18,0.000220352105769282
3140930,2021-03-02,9.60233280946287
1294266,2022-05-27,0.343077550258318
8424721,2022-04-29,0.79984359041173
7758957,2021-10-21,7.11119722188125
5746641,2022-11-15,0.00237886189387796
1163645,2021-01-24,19.113836602866
3750345,2021-03-11,3.53226204716735
8540683,2021-05-24,9.56673468089232
6060951,2022-12-14,0.342221352607179
7916712,2021-12-02,13.7896882764879
3683392,2021-04-17,5.69525416430819
4389472,2022-07-07,1.51865984100354
3904178,2022-04-06,0.521958842928986
7813309,2021-05-04,11.3728583800819
4677184,2022-04-14,5.55651468062828
2651893,2022-02-04,0.430631825055547
2829697,2021-07-13,2.21223854088516
3480889,2022-05-26,0.0103880321361573
7847638,2022-02-09,0.102384558142179
7131486,2022-11-23,0.778373903289394
4104430,2021-05-24,6.17008436767382
8740027,2022-08-15,3.8912161911975
2973678,2021-08-18,15.877971187473
9951055,2021-03-19,13.9285821487917
5154695,2021-04-30,7.27908918649702
8366629,2022-08-30,0.0986116096569828
4297158,2022-07-07,0.642933672565611
4301820,2022-09-29,0.86111019388174
7916712,2022-01-20,0.777994543456747
8550336,2021-11-04,3.12615358890259
9755179,2021-08-12,10.5913318149621
1686264,2021-07-21,11.8184064120717
3019545,2022-09-22,0.0408485840475115
3070530,2022-03-18,0.0448439927565806
1642008,2022-11-11,0.156947812607523
2665354,2021-03-15,15.107037410914
7366012,2022-02-24,0.642386222040067
6805661,2021-05-21,11.2102809306889
8423395,2022-08-07,0.145801154377015
1294266,2021-04-08,11.8535120911291
2810551,2021-01-16,9.0950499052043
6285722,2021-02-07,10.1213581975151
8543601,2021-11-01,13.1392030906921
2100624,2021-10-04,10.2523983055434
7003729,2022-03-19,1.27778843238697
2013643,2021-01-20,5.31897708224399
3529968,2021-12-04,6.66158590699637
9841367,2021-04-27,9.64538561862456
7848312,2021-11-30,11.2271110858001
9050729,2021-05-01,36.3836980432943
5539507,2021-04-20,11.3739228927691
1990810,2021-05-20,23.0013626822046
3061239,2022-02-20,1.31261419139786
1710481,2022-12-09,3.11496024635778
2757851,2021-04-01,12.1767505423375
9114272,2022-10-29,1.40990233257067
3828160,2022-06-11,0.811442352698764
2404398,2021-04-03,5.25534966092276
7323899,2021-06-16,4.18068906733833
8329215,2022-12-23,0.119172429230177
6373990,2021-10-12,6.59927351356395
2465877,2022-05-30,0.74702223619636
8626482,2022-03-11,0.492370539930517
3324890,2022-09-17,0.174166460486383
5225498,2022-09-02,0.0365281434659117
8401249,2021-09-21,8.06862690611336
9934712,2021-05-24,11.489574634008
3061239,2021-11-05,14.5574381031462
2774738,2021-07-01,13.6214099533197
7272390,2021-04-17,22.3548623799486
2342329,2022-08-17,0.158689723363658
9507367,2022-04-13,0.00316892978179476
9362304,2021-07-07,6.14813991181709
1290775,2021-09-16,31.7671611921475
5691061,2022-05-28,0.766066894227489
5062299,2021-06-09,9.64547523109709
6034666,2022-01-04,0.00862298404609797
3070530,2021-06-27,8.17100197925442
3480889,2021-12-10,4.90918743397538
8072362,2021-01-05,10.4772578946722
7878612,2022-10-03,0.0580281322087244
8168724,2022-12-13,3.65370034239669
9298044,2022-02-01,0.17870957204296
8994125,2021-12-23,9.43094231749236
9381605,2021-06-29,7.93007133092055
1244280,2021-09-04,11.7060783219287
1708628,2022-06-17,0.171051613289604
9727036,2022-04-23,0.0758657172122134
1248929,2021-09-29,7.87302103484762
1666243,2021-09-04,3.13444426573456
7837563,2022-08-06,0.94988856734162
4104430,2022-12-12,1.04932653169543
6546386,2022-04-08,1.74178705379545
2520743,2022-09-02,0.0874267477473497
8712256,2021-06-09,7.59339485767353
8495155,2022-09-24,0.00999684139127401
7150431,2021-09-07,0.579755120597387
1351947,2022-12-05,0.52921602464663
8751650,2021-10-12,12.9503884392466
2986894,2022-01-13,0.724168735404479
8421667,2022-08-31,0.421369608691406
8730400,2022-08-03,0.0038185143512561
7871291,2021-08-26,10.5385506657705
2578603,2022-11-14,0.0654684334078632
6151983,2022-01-13,1.12228195335968
3324890,2021-10-12,6.42917880183494
8543601,2022-08-02,0.259732877147511
5778763,2021-05-05,2.84143219208364
3052723,2022-03-09,0.161243861646474
1708715,2021-05-26,6.07269465999186
4613643,2021-03-13,16.7633040905013
5635996,2022-11-17,3.86400688516767
3908038,2022-11-04,1.33305033376993
7003729,2021-01-03,5.3620466945118
4926993,2022-04-25,0.19478241541714
1054740,2021-10-29,10.3874451732844
1997211,2022-01-21,1.42890196739247
8349468,2021-09-25,8.79607914293343
6883508,2021-03-19,13.2751274154894
6731573,2021-01-11,17.4446573897476
7997218,2022-09-22,0.483079523573084
9028289,2021-11-21,10.2770040033865
8346084,2021-08-03,19.2754396416085
8024381,2021-01-31,26.6201111288471
5540883,2022-04-29,1.20575179366482
7964445,2021-03-14,8.79653309262081
5727475,2022-02-05,2.14672438072906
7550341,2022-05-26,1.19495583583839
9257190,2021-06-20,5.25939858761284
7800192,2021-11-21,4.14039838547054
7970143,2022-03-11,0.00124146278226573
4063995,2021-07-25,4.44565821929566
5821264,2021-01-09,7.06695909047559
4613643,2022-07-20,0.051977422352529
7644973,2021-09-12,12.6314656887022
8743561,2021-01-05,19.4062779696286
4586842,2021-01-11,18.9647461723168
9423804,2021-07-27,4.17778155491596
3648052,2021-03-01,12.7696425121033
2013643,2022-05-09,0.441376185437177
9363533,2021-06-11,13.2363025999266
8888125,2021-12-26,8.64970331125211
2578603,2021-11-02,7.52823512803629
3933475,2022-05-31,0.00651561697831365
6230058,2022-06-08,0.000563300192643175
9362304,2022-06-18,0.545845960765693
2532240,2021-08-21,11.5232881758654
6883508,2022-05-09,0.0013259690873975
4584433,2021-11-20,4.97501886346213
1896619,2021-10-30,6.46700194967533
6370690,2021-09-19,10.047027057436
1428094,2021-10-17,20.4460791543449
2651893,2021-06-01,18.0631940674962
3313764,2022-04-09,1.30231640498676e-05
9057086,2021-01-22,1.33753849186515
5225498,2021-07-14,5.78964168091491
1829307,2021-09-06,34.8708170548388
5069126,2022-10-24,3.05622287011508
6042842,2022-08-18,0.0747220813320723
1964587,2022-04-02,0.463431324169267
7859592,2022-06-05,7.08025813996357
9327376,2021-09-20,22.5822632741952
4273036,2022-04-16,0.509034916232805
9885762,2022-12-14,0.0766438755165655
7835369,2021-02-27,3.82240083112255
7384479,2022-09-12,0.263103873696439
7893182,2022-08-17,0.000201996760575806
4677184,2021-11-04,3.56608154634954
7723428,2022-11-01,0.660525853784219
1997211,2021-09-14,9.20501798256521
4675013,2022-08-25,0.168961739282804
1147002,2022-10-15,0.189325865462842
7477811,2022-07-27,0.254029621334626
3633621,2021-03-03,3.11815386942065
2969195,2021-10-28,14.9661169566666
6384905,2021-04-27,8.06675898871301
6533167,2022-03-21,0.0186808684701566
1644520,2022-05-28,0.403697580800058
9308139,2022-10-23,1.45732916995046
8458965,2022-03-01,3.77589765250945
2507537,2021-01-30,11.0071841187172
1102650,2021-06-24,6.53743001272243
9784366,2022-08-02,0.173808452046546
9729987,2022-04-02,0.0267280114766734
9057086,2022-06-15,0.0623885120948287
2780733,2022-09-25,0.00256767642284199
1060278,2022-06-04,0.498628070465208
