"ID";"Date";"PC1";"PC2"
3140930;2021-03-02;"0.0876666666666667";"1.719"
9478460;2021-10-07;"-0.476666666666667";"0.198"
3008241;2021-01-20;"-0.0643333333333333";"1.944"
3131659;2021-05-15;"-0.784";"-3.525"
4629334;2021-10-18;"N/A";"4.866"
2780733;2021-03-15;"-0.724";"2.163"
9841367;2022-08-30;"1.442";"1.155"
4297158;2021-01-15;"-0.071";"5.478"
4028686;2021-12-10;"-2.053";"16.506"
3529968;2021-12-04;"-0.974";"2.328"
5744215;2022-05-10;"0.407";"1.776"
4463753;2021-02-04;"-0.183666666666667";"11.019"
2651893;2022-02-04;"1.26633333333333";"-6.351"
9733736;2021-07-18;"0.377333333333333";"-4.161"
7279960;2021-03-25;"-0.857333333333333";"6.33"
3477772;2022-07-14;"-0.424666666666667";"-2.394"
7867468;2022-08-23;"-0.261";"1.332"
1347705;2021-12-21;"-0.892333333333333";"8.958"
7691771;2022-09-22;"-0.532333333333333";"7.59"
5137004;2022-01-11;"1.76933333333333";"-20.19"
1244280;2022-07-24;"-0.182333333333333";"-8.415"
8329215;2022-12-23;"-0.139666666666667";"-3.567"
2206732;2022-12-26;"-0.84";"3.15"
2218771;2021-07-20;"1.09766666666667";"6.102"
4523129;2021-10-01;"0.0626666666666667";"7.53"
6805661;2021-05-21;"-1.238";"-0.267"
3116653;2021-10-09;"0.477666666666667";"9.096"
3288208;2021-08-19;"-0.452";"-1.851"
5137001;2022-06-11;"0.633333333333333";"-2.256"
7859592;2022-06-05;"0.0963333333333333";"-0.795"
1294266;2021-04-08;"-1.063";"-2.712"
1428094;2021-10-17;"-0.486666666666667";"6.513"
6230058;2021-03-25;"-1.03933333333333";"13.377"
4629334;2022-11-19;"-0.363333333333333";"-2.163"
3828160;2022-06-11;"1.271";"-7.725"
4273036;2022-04-16;"-1.028";"2.334"
4571739;2022-07-10;"0.585333333333333";"-15.399"
7323899;2021-06-16;"0.531333333333333";"-0.291"
9114272;2021-06-29;"-1.02466666666667";"5.124"
1290775;2021-09-16;"N/A";"10.425"
1428094;2022-08-07;"0.024";"-2.166"
1296446;2022-09-11;"0.887333333333333";"-6.51"
9114272;2022-10-29;"1.11733333333333";"-6.633"
4938257;2022-06-26;"0.687666666666667";"-0.846"
7461900;2021-11-23;"-1.30133333333333";"0.966"
1634507;2022-11-10;"0.392666666666667";"0.528"
5607056;2021-07-29;"-0.312";"1.497"
9653090;2021-01-14;"0.0116666666666667";"1.422"
3806906;2021-02-25;"-0.961333333333333";"13.68"
9456994;2022-01-05;"0.768333333333333";"-11.382"
9028289;2021-11-21;"0.0173333333333333";"4.371"
8295368;2022-07-18;"0.0883333333333333";"1.818"
1015541;2021-05-08;"-0.160333333333333";"4.017"
6546386;2022-04-08;"0.571666666666667";"-7.065"
1708628;2022-06-17;"1.31166666666667";"-6.255"
3480889;2021-12-10;"-0.861";"11.364"
6402457;2022-04-22;"-0.608";"-3.72"
1307495;2022-07-02;"0.0306666666666667";"-2.661"
9238317;2021-11-28;"-1.35466666666667";"-6.348"
3633621;2021-03-03;"-0.283666666666667";"-2.508"
1151634;2022-08-16;"1.40833333333333";"-13.239"
4440588;2021-07-26;"0.385";"8.028"
1326638;2021-04-30;"-0.303666666666667";"-8.49"
4000244;2022-05-22;"0.319333333333333";"-2.421"
9841367;2021-04-27;"-0.0736666666666667";"4.935"
2351415;2021-09-11;"0.993666666666667";"6.849"
8401249;2022-11-01;"-0.309333333333333";"-6.975"
5691061;2022-05-28;"1.65133333333333";"2.61"
5814674;2022-05-18;"1.67133333333333";"-2.367"
3324890;2021-10-12;"-0.636666666666667";"N/A"
4579136;2021-02-11;"0.237";"-10.455"
9184430;2021-01-21;"-0.453333333333333";"7.086"
5746641;2022-11-15;"0.896333333333333";"-11.199"
3180757;2022-09-25;"-1.47366666666667";"-9.813"
5778763;2021-05-05;"-0.328333333333333";"-0.846"
3180757;2021-05-10;"-0.748333333333333";"-0.402"
1973884;2021-04-03;"0.095";"-0.144"
3529968;2022-08-17;"0.34";"-2.589"
4400725;2022-04-26;"-0.562666666666667";"-2.334"
7437838;2022-12-01;"0.607333333333333";"-8.688"
2520743;2022-09-02;"0.487333333333333";"0.099"
5153059;2021-05-27;"-0.687333333333333";"0.633"
9028289;2022-08-08;"0.198666666666667";"0.786"
4123479;2021-04-25;"-1.92533333333333";"15.111"
1896619;2021-10-30;"0.631";"-6.408"
5663705;2022-06-28;"1.63266666666667";"-13.623"
2013643;2021-01-20;"0.165666666666667";"6.492"
1305945;2022-10-08;"0.632333333333333";"9.291"
9834737;2022-06-16;"0.735";"0.498"
3908038;2021-08-14;"-1.319";"10.167"
3215151;2022-01-22;"-1.07033333333333";"-2.541"
8334750;2021-02-03;"-0.133333333333333";"0.948"
5539507;2021-04-20;"-0.788666666666667";"1.875"
7871291;2022-01-30;"0.339333333333333";"-2.229"
9184430;2022-04-20;"0.247";"-8.163"
8056497;2022-08-31;"0.188";"-1.455"
8994125;2021-12-23;"-0.231";"-11.391"
4974182;2022-01-19;"0.016";"-3.822"
1005812;2021-03-31;"-1.78433333333333";"20.634"
3908038;2022-11-04;"1.061";"-11.262"
2277004;2021-12-13;"-0.827666666666667";"1.317"
6370690;2021-09-19;"-0.141";"9"
5897467;2022-08-01;"-0.822666666666667";"-0.237"
6060951;2021-01-29;"-0.402";"1.425"
6151983;2022-01-13;"0.743666666666667";"0.198"
9381605;2021-06-29;"-1.07333333333333";"7.872"
1355137;2021-08-27;"-0.738666666666667";"4.404"
2440132;2021-04-07;"-1.96633333333333";"6.54"
8543601;2021-11-01;"-0.724333333333333";"3.882"
6620155;2021-02-14;"-0.0333333333333333";"5.055"
4909126;2021-03-27;"0.701";"12.372"
1641338;2022-04-18;"2.22066666666667";"-10.221"
9408382;2021-02-17;"0.644666666666667";"-5.613"
7867039;2022-04-10;"-0.114";"5.706"
3288208;2022-12-14;"0.130333333333333";"-4.131"
8349468;2021-09-25;"-1.07533333333333";"6.39"
9393708;2021-02-22;"-0.266";"13.815"
5225498;2021-07-14;"-0.911";"11.049"
4440588;2022-10-03;"0.964666666666667";"-1.665"
5137004;2021-04-03;"-0.901333333333333";"4.575"
7323899;2022-02-17;"1.075";"-1.551"
1421762;2022-12-15;"-0.743";"-13.398"
2404398;2022-07-19;"1.075";"-19.44"
8096869;2021-07-16;"-1.24933333333333";"21.189"
8711040;2022-08-09;"-0.122333333333333";"1.272"
1452207;2022-03-05;"0.441333333333333";"-2.643"
3070530;2021-06-27;"-0.271666666666667";"1.17"
9643048;2021-12-20;"-0.577";"-6.99"
6473752;2022-07-02;"-0.685666666666667";"-7.503"
8550336;2022-07-11;"-1.765";"0.231"
6783464;2021-06-02;"-0.924333333333333";"-4.128"
7437838;2021-07-14;"-1.053";"1.299"
2229626;2021-02-08;"0.114333333333333";"3.672"
5512270;2022-07-24;"0.499666666666667";"-6.735"
6624963;2022-03-27;"0.571666666666667";"-4.479"
8168724;2022-12-13;"1.66533333333333";"-0.045"
5744215;2021-10-01;"-1.87";"6.792"
7813309;2021-05-04;"0.238333333333333";"-7.011"
7916712;2021-12-02;"-0.699333333333333";"5.028"
1102650;2022-12-11;"0.659333333333333";"-11.109"
4389472;2022-07-07;"-0.414666666666667";"5.775"
6533167;2021-02-15;"-0.250333333333333";"-0.234"
6370690;2022-02-21;"0.161333333333333";"-8.892"
3790250;2021-07-29;"-1.30133333333333";"4.911"
8730400;2021-07-07;"0.898";"-8.805"
9403345;2021-03-08;"0.128666666666667";"6.687"
6129979;2021-08-01;"-0.493666666666667";"17.286"
9381605;2022-09-02;"-0.868";"-6.684"
5286387;2021-12-16;"-1.02633333333333";"0.948"
8495155;2021-08-07;"-0.007";"7.692"
8751650;2021-10-12;"-0.348333333333333";"9.729"
2532240;2021-08-21;"-0.0196666666666667";"5.706"
6566599;2021-04-22;"0.243";"2.82"
2013643;2022-05-09;"-0.0893333333333333";"-11.349"
1452577;2022-08-04;"1.57733333333333";"1.761"
4048619;2022-06-09;"1.14733333333333";"0.936"
2229626;2022-04-12;"2.482";"-7.95"
7515442;2022-11-06;"-0.317333333333333";"5.811"
9363533;2022-04-02;"0.271666666666667";"-4.686"
8496820;2022-09-12;"0.623";"-2.649"
8056497;2021-10-25;"-0.310666666666667";"7.791"
6670329;2022-03-25;"0.840333333333333";"-2.988"
7985316;2021-07-05;"-0.709666666666667";"-1.308"
7867039;2021-09-14;"-0.730666666666667";"5.466"
4584433;2021-11-20;"-0.795666666666667";"-0.012"
9873389;2022-12-21;"0.616333333333333";"-13.971"
2774738;2022-02-17;"-0.409";"-4.269"
1307495;2021-03-05;"-1.08433333333333";"-3.009"
2757851;2022-06-17;"1.784";"1.275"
3790394;2022-04-23;"-0.479666666666667";"-7.191"
6373990;2021-10-12;"-0.377";"2.031"
6432302;2021-08-31;"0.224";"-11.46"
5986204;2022-05-12;"-0.424333333333333";"-6.411"
8712256;2022-12-13;"-1.03666666666667";"1.779"
5069126;2022-10-24;"-0.393";"2.958"
7966871;2021-09-22;"-0.675333333333333";"1.446"
5154695;2021-04-30;"0.212666666666667";"4.74"
9393708;2022-09-01;"-0.089";"9.411"
2729101;2021-08-11;"-1.89466666666667";"0.813"
6373990;2022-06-06;"0.0646666666666667";"-18.771"
1354260;2022-06-15;"0.512333333333333";"-2.367"
7970143;2021-12-25;"-1.10166666666667";"5.496"
4571739;2021-01-04;"-0.529";"-2.352"
1908686;2021-12-18;"0.558333333333333";"-3.378"
2973678;2022-12-26;"0.108";"-0.732"
5371779;2021-08-04;"-1.181";"7.458"
8853441;2022-11-24;"-0.031";"6.273"
1291543;2021-01-04;"-0.163666666666667";"5.349"
2536482;2021-02-02;"-0.041";"0.9"
2100624;2021-10-04;"-0.0316666666666667";"-4.467"
8055348;2021-12-09;"0.699333333333333";"7.32"
8658836;2022-09-03;"0.182";"-0.297"
4335670;2021-07-05;"-0.620666666666667";"-1.119"
7835369;2021-02-27;"-0.743666666666667";"-7.797"
7789181;2021-06-17;"-0.673666666666667";"20.166"
2323151;2021-07-02;"-0.581";"-0.534"
2218771;2022-05-02;"-0.092";"-6.993"
4301820;2022-09-29;"1.09833333333333";"N/A"
2206732;2021-02-14;"-0.361666666666667";"-0.591"
7150431;2022-12-18;"0.439666666666667";"-7.971"
7520991;2022-08-14;"N/A";"-0.138"
8622789;2021-05-19;"-1.236";"3.087"
1644520;2022-05-28;"0.263333333333333";"4.398"
4126690;2022-12-15;"-0.917333333333333";"3.72"
7477811;2022-07-27;"1.29066666666667";"-2.934"
9408382;2022-09-11;"0.266";"-0.09"
6833116;2022-12-17;"0.53";"1.737"
4972386;2021-05-27;"-0.615";"4.263"
9050729;2021-05-01;"-1.68966666666667";"6.18"
7006723;2021-02-28;"-0.483";"6.825"
2382262;2021-01-18;"0.606333333333333";"-4.005"
4677184;2021-11-04;"-0.444666666666667";"1.89"
7997218;2022-09-22;"0.214";"-7.206"
3070530;2022-03-18;"2.39133333333333";"0.75"
7848312;2021-11-30;"-0.344333333333333";"3.348"
7523863;2021-04-24;"1.18933333333333";"1.659"
4400725;2021-10-16;"0.293666666666667";"10.803"
1421762;2021-03-22;"0.504333333333333";"6.372"
6566599;2022-12-24;"0.678666666666667";"-2.739"
2551194;2022-02-10;"1.74733333333333";"-3.99"
5301586;2021-05-30;"0.387333333333333";"2.565"
2190822;2021-09-23;"-0.675333333333333";"5.502"
7457921;2022-08-20;"-0.0553333333333333";"-4.497"
4389472;2021-09-06;"N/A";"4.008"
8273804;2022-12-26;"0.942333333333333";"-3.522"
7003729;2021-01-03;"0.0563333333333333";"-1.101"
4830328;2021-07-26;"-0.838666666666667";"4.05"
1710481;2022-12-09;"0.0146666666666667";"-6.06"
2277202;2021-08-03;"-0.459666666666667";"-2.229"
3480889;2022-05-26;"-0.02";"-2.97"
1354260;2021-12-01;"-1.67766666666667";"0.96"
1829307;2021-09-06;"-1.28066666666667";"7.659"
5635996;2021-11-10;"-0.688333333333333";"0.501"
1452577;2021-02-02;"0.628333333333333";"1.023"
1990810;2021-05-20;"-0.559333333333333";"1.704"
7150431;2021-09-07;"0.459";"-10.239"
8168724;2021-08-14;"1.753";"3.759"
9755179;2021-08-12;"0.273666666666667";"6.825"
7964445;2022-05-29;"0.068";"-0.144"
8636871;2022-06-16;"1.43033333333333";"-9.945"
6217553;2022-11-10;"0.542666666666667";"-12.024"
7244518;2022-08-24;"0.357666666666667";"-6.798"
6833116;2021-07-06;"-0.394666666666667";"6.261"
1054234;2021-05-06;"0.357333333333333";"16.062"
1795933;2021-03-17;"-1.10866666666667";"11.1"
7550341;2022-05-26;"0.131666666666667";"-5.862"
8540683;2022-05-16;"0.605333333333333";"-2.253"
9057086;2021-01-22;"-0.0993333333333333";"-5.097"
2418816;2021-08-23;"-0.0153333333333333";"-11.379"
4922756;2021-07-12;"-0.424333333333333";"-1.173"
5326726;2022-10-08;"0.951333333333333";"-5.766"
8401249;2021-09-21;"-0.388";"2.271"
8123122;2021-12-07;"0.612";"1.242"
4974182;2021-08-03;"-0.506666666666667";"6.192"
2578603;2022-11-14;"0.501666666666667";"-8.895"
8423395;2022-08-07;"0.0306666666666667";"-13.788"
1163645;2022-10-19;"-0.315333333333333";"-1.554"
4463753;2022-12-22;"1.083";"-3.312"
1913540;2021-02-13;"-1.38333333333333";"5.721"
4675013;2022-08-25;"1.53633333333333";"3.759"
4104430;2021-05-24;"0.796";"-6.72"
4972386;2022-04-02;"0.116666666666667";"0.441"
2969195;2021-10-28;"-0.483";"6.072"
9784366;2021-10-27;"N/A";"-6.111"
6533167;2022-03-21;"1.00566666666667";"-6.063"
8273804;2021-03-23;"-0.838";"10.353"
4028686;2022-01-22;"0.162333333333333";"-0.12"
1896619;2022-04-12;"-0.508666666666667";"-8.793"
4586842;2021-01-11;"-1.56066666666667";"11.634"
7272390;2021-04-17;"-0.824";"16.527"
6546386;2021-09-15;"-0.975333333333333";"4.128"
8932564;2022-06-30;"0.643";"7.452"
1060278;2021-04-09;"-1.15366666666667";"-4.665"
1795933;2022-05-03;"1.96766666666667";"-13.938"
2711078;2022-05-06;"0.492333333333333";"0.063"
5746641;2021-01-08;"-1.93733333333333";"11.154"
4613643;2022-07-20;"1.09933333333333";"1.683"
3313764;2022-04-09;"0.181";"1.755"
3784973;2022-09-19;"2.08333333333333";"1.617"
8458965;2021-06-10;"-0.457";"5.217"
1054234;2022-11-19;"-0.529";"-4.575"
8840853;2022-01-03;"0.152";"3.597"
5461623;2021-03-24;"-0.759666666666667";"-0.63"
5727475;2022-02-05;"0.614666666666667";"-5.343"
3940989;2021-10-14;"-1.16866666666667";"2.622"
5607056;2022-01-14;"-0.493666666666667";"-2.937"
1352593;2022-09-15;"1.24466666666667";"-6.483"
1054740;2022-02-20;"0.470333333333333";"-5.034"
1347705;2022-12-10;"1.54466666666667";"-4.95"
2654133;2021-10-19;"-0.660666666666667";"13.443"
1708715;2021-05-26;"-0.796333333333333";"-2.295"
5540883;2021-05-20;"0.954666666666667";"-3.735"
2323151;2022-03-25;"0.371666666666667";"-0.168"
6060951;2022-12-14;"0.934";"7.38"
3140930;2022-04-15;"1.48433333333333";"4.491"
1641338;2021-07-24;"-0.0943333333333333";"8.898"
7520991;2021-10-15;"0.0546666666666667";"10.95"
8317927;2021-01-22;"-0.565";"9.222"
6327985;2021-01-02;"-1.001";"2.898"
6652311;2021-04-06;"-0.942";"N/A"
6196800;2022-07-14;"1.695";"6.15"
2844290;2022-09-12;"-0.298333333333333";"10.896"
9298044;2022-02-01;"0.656";"-4.08"
5294786;2021-07-02;"0.121";"-8.955"
2653383;2021-11-17;"-0.306666666666667";"4.95"
8424721;2021-12-19;"-0.952666666666667";"4.731"
9720716;2022-06-28;"-0.581333333333333";"1.377"
6151983;2021-04-09;"-0.205";"-2.862"
7789181;2022-11-27;"1.777";"-9.87"
7916712;2022-01-20;"1.266";"-13.083"
4769096;2022-09-01;"-0.514333333333333";"1.221"
8424721;2022-04-29;"1.111";"0.888"
9057086;2022-06-15;"1.166";"1.758"
6620155;2022-11-12;"-0.0513333333333333";"7.989"
2841029;2022-08-16;"1.37333333333333";"5.052"
4579136;2022-09-13;"0.884666666666667";"-2.79"
7985316;2022-01-15;"0.482";"-5.538"
9374416;2021-07-25;"-0.595333333333333";"1.428"
5922393;2021-09-28;"-0.348";"-1.167"
9873389;2021-05-08;"0.702666666666667";"-8.391"
2829697;2021-07-13;"1.041";"6.3"
8993537;2021-04-30;"-0.643";"-2.217"
4123479;2022-12-13;"0.33";"8.244"
8203199;2021-02-09;"-0.234333333333333";"-0.177"
1829307;2022-05-26;"-0.238";"-6.177"
7800192;2021-11-21;"-1.789";"8.088"
2557445;2021-09-14;"-1.00066666666667";"-3.324"
5336821;2021-06-14;"0.007";"-3.498"
6174756;2022-08-19;"1.928";"3.627"
2729101;2022-04-09;"0.760333333333333";"5.301"
7789476;2021-07-19;"1.098";"3.357"
8828217;2022-06-18;"-0.453333333333333";"-2.586"
2277202;2022-08-28;"0.634666666666667";"-6.141"
7871291;2021-08-26;"-1.15766666666667";"-0.246"
6606110;2022-11-25;"0.510666666666667";"1.923"
2557445;2022-09-26;"0.924666666666667";"-4.995"
6606110;2021-02-19;"0.866";"6.405"
7848312;2022-01-25;"1.11033333333333";"-9.969"
1964587;2022-04-02;"0.474666666666667";"-5.667"
1248929;2021-09-29;"0.147";"4.737"
8346084;2022-09-18;"0.71";"-6.9"
2536482;2022-03-15;"1.16666666666667";"-0.477"
8994125;2022-01-02;"-0.331666666666667";"2.607"
7835369;2022-10-12;"0.0756666666666667";"0.441"
1305945;2021-08-21;"0.702";"-5.151"
7974384;2022-11-28;"0.872333333333333";"-13.452"
7003729;2022-03-19;"-0.159666666666667";"1.452"
7878612;2021-05-03;"-1.565";"-9.561"
4926993;2021-08-05;"-1.07266666666667";"-6.573"
1634507;2021-03-16;"1.42733333333333";"8.274"
9456994;2021-07-16;"-1.22466666666667";"0.792"
5153059;2022-06-22;"0.618";"8.532"
9423804;2021-07-27;"0.934666666666667";"-2.175"
1820032;2021-09-15;"-0.555";"-3.78"
3784973;2021-06-06;"-0.0243333333333333";"3.639"
8171692;2022-01-20;"0.043";"0.969"
4909091;2021-06-28;"-1.44033333333333";"-6.822"
2963642;2021-12-01;"-0.151666666666667";"11.64"
9727036;2021-11-26;"-0.987";"-5.067"
6042842;2022-08-18;"-0.170666666666667";"-6.129"
5137001;2021-10-15;"-0.994";"2.247"
8328993;2021-05-30;"0.687666666666667";"10.713"
8932564;2021-03-07;"0.862666666666667";"-2.094"
3683392;2021-04-17;"0.000666666666666667";"-2.397"
7384479;2022-09-12;"-0.0153333333333333";"-3.363"
7837563;2021-07-31;"-1.85833333333333";"11.646"
8404979;2021-10-12;"-1.54766666666667";"11.925"
8072362;2022-11-10;"0.331333333333333";"4.542"
3648052;2021-03-01;"-0.068";"13.11"
7997218;2021-01-14;"-0.0493333333333333";"8.046"
2711078;2021-02-18;"-0.473333333333333";"11.925"
3358375;2022-07-04;"-1.064";"3.387"
3260944;2022-02-18;"0.117666666666667";"-0.975"
1147002;2021-08-13;"0.351666666666667";"-2.697"
2844290;2021-03-15;"-0.635333333333333";"-2.832"
9950413;2021-05-15;"-0.153333333333333";"3.285"
8712256;2021-06-09;"0.0253333333333333";"14.052"
6034666;2021-08-03;"-0.0346666666666667";"2.925"
6285722;2021-02-07;"-1.407";"-3.777"
2439985;2022-03-10;"0.415333333333333";"-4.152"
5474387;2021-01-04;"-0.486666666666667";"13.281"
9077104;2022-08-12;"0.681";"-6.666"
7847638;2022-02-09;"0.197";"0.846"
7779062;2021-01-11;"-0.704666666666667";"1.131"
2780733;2022-09-25;"0.477666666666667";"-8.016"
5154695;2022-08-16;"0.142";"0.645"
7006723;2022-07-06;"0.819";"-8.268"
8539287;2021-02-20;"1.484";"-0.582"
2810551;2022-08-24;"0.891";"-12.264"
7477811;2021-03-31;"-0.0463333333333333";"5.577"
7893182;2022-08-17;"0.448333333333333";"-6.384"
8359181;2021-01-13;"-0.463";"10.893"
5371779;2022-10-23;"0.725333333333333";"-5.382"
5922393;2022-10-22;"1.33933333333333";"-4.605"
9934712;2021-05-24;"-0.455";"10.644"
2135464;2022-12-11;"1.42466666666667";"-10.056"
5727475;2021-10-04;"0.499";"8.976"
8635225;2021-07-22;"1.00833333333333";"3.984"
1908686;2022-12-18;"0.682333333333333";"-8.547"
6739807;2021-12-21;"-1.355";"16.119"
4907286;2021-02-15;"-0.448666666666667";"-8.424"
5778763;2022-09-10;"1.32433333333333";"-5.412"
8104175;2021-08-18;"-0.967";"20.619"
4830328;2022-01-30;"0.434666666666667";"-15.069"
4677184;2022-04-14;"-0.73";"-7.098"
5760772;2022-09-09;"0.299666666666667";"3.237"
8366629;2022-08-30;"0.616";"-9.753"
6670329;2021-08-14;"0.457333333333333";"12.123"
4317296;2021-02-09;"0.569";"2.985"
8346084;2021-08-03;"0.0756666666666667";"13.2"
4675013;2021-05-07;"-1.38033333333333";"0.927"
7813309;2022-07-27;"-0.585";"-0.312"
9050729;2022-08-20;"0.0216666666666667";"-0.144"
9784366;2022-08-02;"0.48";"-13.338"
5062299;2021-06-09;"-0.482";"-2.361"
7279960;2022-01-16;"0.0863333333333333";"-6.351"
6254240;2022-08-23;"-0.216666666666667";"-8.679"
8055348;2022-07-10;"0.309666666666667";"-3.525"
2963642;2022-04-10;"0.428";"11.91"
5539507;2022-04-20;"0.307333333333333";"2.748"
4473460;2021-04-12;"0.478666666666667";"-4.44"
3215151;2021-01-12;"0.736333333333333";"7.839"
5636573;2021-06-01;"-0.36";"8.955"
1710481;2021-08-18;"-0.667333333333333";"9.561"
4063995;2022-01-29;"0.342333333333333";"3.411"
2551194;2021-05-15;"-0.328666666666667";"9.312"
9367018;2021-05-17;"-0.980666666666667";"5.046"
8171692;2021-12-09;"-1.29366666666667";"-7.542"
2091024;2021-05-25;"-0.295";"2.151"
2351415;2022-10-12;"0.7";"-2.481"
1820032;2022-02-24;"0.246666666666667";"-2.574"
1642008;2022-11-11;"-0.924";"0.93"
9257190;2021-06-20;"0.139666666666667";"5.25"
7758957;2021-10-21;"-0.287666666666667";"7.575"
8626482;2021-06-28;"0.627333333333333";"7.407"
2578603;2021-11-02;"0.136666666666667";"2.34"
5512270;2021-11-08;"-0.185333333333333";"-10.608"
9374416;2022-06-14;"0.315333333333333";"-15.348"
6402457;2021-06-02;"-0.769666666666667";"-9.255"
1452207;2021-02-15;"-1.407";"3.918"
5003358;2022-08-23;"-0.472666666666667";"-3.894"
5336821;2022-04-16;"0.935333333333333";"8.784"
8130662;2022-05-24;"-0.850333333333333";"5.178"
5286387;2022-12-24;"0.855";"-3.726"
4584433;2022-08-15;"-0.432666666666667";"-15.924"
9298044;2021-11-25;"0.623666666666667";"4.14"
6652311;2022-09-16;"0.576666666666667";"-8.283"
8404979;2022-01-05;"0.233333333333333";"5.994"
6910411;2022-11-16;"1.62";"-6.216"
4833017;2021-09-23;"-1.00266666666667";"7.011"
8421667;2022-08-31;"0.766666666666667";"-15.891"
6883508;2022-05-09;"0.332";"1.005"
6783464;2022-01-04;"0.471";"-7.545"
8667182;2021-06-05;"0.384666666666667";"11.994"
3477772;2021-12-06;"-0.946";"9.588"
4244024;2021-08-18;"-0.429666666666667";"4.683"
1951672;2022-11-10;"-0.429666666666667";"-1.977"
9507367;2021-04-29;"-0.145";"-2.976"
4104430;2022-12-12;"-0.761";"2.904"
8751650;2022-02-21;"0.756666666666667";"-3.597"
1055715;2021-11-17;"-0.0446666666666667";"-2.502"
3806906;2022-08-14;"0.277666666666667";"-10.068"
6230058;2022-06-08;"-0.195333333333333";"-1.014"
9653090;2022-06-06;"1.44";"-7.635"
6371776;2022-05-25;"-0.373666666666667";"4.296"
1147002;2022-10-15;"0.189";"-1.422"
2455696;2021-06-06;"0.58";"8.094"
7859592;2021-10-24;"-0.135333333333333";"6.777"
8349468;2022-06-06;"-0.240333333333333";"0.024"
8740027;2022-08-15;"-0.167";"-6.186"
5540883;2022-04-29;"0.498666666666667";"-0.966"
4769096;2021-11-20;"-0.767666666666667";"0.699"
3019545;2021-11-18;"-0.438333333333333";"15.639"
3750345;2021-03-11;"0.220333333333333";"-1.323"
2193216;2021-03-29;"1.07033333333333";"-0.672"
5636573;2022-11-23;"0.342333333333333";"3.387"
5897467;2021-10-01;"0.369666666666667";"-4.593"
1951672;2021-10-05;"-2.11566666666667";"6.066"
5814674;2021-09-16;"-1.47566666666667";"7.266"
7131486;2022-11-23;"0.467";"1.323"
7461900;2022-06-07;"-0.348";"-14.541"
1964587;2021-08-23;"-0.685333333333333";"16.275"
7974384;2021-01-06;"-0.847";"4.917"
4926993;2022-04-25;"0.595333333333333";"-0.111"
2969195;2022-05-29;"0.487666666666667";"-11.187"
4317296;2022-07-02;"-0.287333333333333";"-0.714"
2665354;2022-09-03;"0.577666666666667";"0.927"
8658836;2021-02-11;"0.309666666666667";"-4.722"
9362304;2022-06-18;"0.969";"1.002"
2465877;2022-05-30;"0.251333333333333";"-5.658"
3940989;2022-09-26;"-0.324333333333333";"1.254"
1054740;2021-10-29;"-1.11233333333333";"-0.519"
1835904;2022-10-05;"1.62966666666667";"6.666"
9950413;2022-06-13;"-0.554333333333333";"-1.65"
9020203;2022-03-03;"0.883333333333333";"-5.124"
7758957;2022-08-13;"1.17033333333333";"-3.258"
1708715;2022-06-01;"0.859666666666667";"3.171"
2135464;2021-02-17;"-1.03833333333333";"-0.066"
3836340;2022-12-23;"0.331";"-4.113"
9733736;2022-06-09;"0.507333333333333";"-7.251"
7644973;2021-09-12;"-0.876333333333333";"0.81"
2465877;2021-02-25;"-0.143333333333333";"2.583"
7550341;2021-08-01;"-0.443666666666667";"3.57"
3750345;2022-01-07;"1.14666666666667";"-12.501"
8730400;2022-08-03;"0.542";"4.575"
7878741;2021-03-27;"N/A";"7.467"
2507537;2021-01-30;"-0.081";"5.964"
1271728;2022-08-05;"1.547";"2.736"
4551238;2021-11-24;"-0.827666666666667";"10.281"
9951055;2021-03-19;"-0.842666666666667";"6.261"
3828160;2021-11-10;"-1.49266666666667";"3.282"
8636871;2021-02-09;"-0.796666666666667";"5.265"
1686264;2022-01-22;"-0.245333333333333";"-8.208"
3633621;2022-02-25;"0.114666666666667";"1.149"
1248929;2022-05-08;"-1.49366666666667";"5.205"
1436759;2021-08-31;"-2.43866666666667";"11.958"
9363533;2021-06-11;"-1.561";"-1.764"
6042842;2021-12-06;"-1.178";"13.335"
2507537;2022-11-01;"0.0276666666666667";"-0.588"
5960262;2021-04-04;"1.291";"2.853"
7217038;2021-01-23;"0.413";"-1.413"
3834781;2022-04-17;"0.550333333333333";"-2.478"
6371776;2021-03-03;"1.079";"7.386"
6805661;2022-08-21;"0.190666666666667";"6.192"
8626482;2022-03-11;"0.77";"-4.566"
7272390;2022-07-15;"-0.0626666666666667";"-2.676"
8334750;2022-09-09;"0.971666666666667";"-6.249"
4613643;2021-03-13;"-1.44833333333333";"8.088"
8421667;2021-04-28;"-0.626333333333333";"5.928"
1642008;2021-04-12;"-0.647333333333333";"-7.287"
6384905;2021-04-27;"-0.944333333333333";"-0.042"
3324890;2022-09-17;"0.861";"-13.983"
1005812;2022-10-17;"-0.047";"-8.106"
9589019;2022-12-25;"0.450333333333333";"3.333"
3100008;2022-11-21;"-0.394666666666667";"-14.739"
2951728;2022-08-31;"0.783666666666667";"-6.189"
1015541;2022-09-12;"1.25633333333333";"-4.098"
6129979;2022-05-21;"0.416666666666667";"6.837"
2404398;2021-04-03;"0.386";"-7.161"
5821264;2022-04-15;"1.03366666666667";"-11.895"
1355137;2022-08-20;"1.514";"-6.789"
2986894;2021-01-31;"-1.535";"-0.888"
1055715;2022-08-12;"-0.0413333333333333";"2.28"
4063995;2021-07-25;"0.307333333333333";"-3.348"
1290775;2022-07-08;"0.419";"2.337"
1913540;2022-06-28;"1.14933333333333";"-6.48"
2841029;2021-06-02;"0.103";"16.743"
2342329;2022-08-17;"-0.0733333333333333";"-11.118"
7457921;2021-11-26;"-0.691666666666667";"-8.487"
8993537;2022-11-24;"-0.677";"-7.668"
4290002;2022-02-25;"-0.137";"4.896"
1055096;2022-08-09;"0.990333333333333";"-11.154"
2951728;2021-01-28;"0.886333333333333";"-3.972"
9653923;2021-02-09;"-1.744";"2.598"
6285722;2022-06-28;"0.00466666666666667";"-7.887"
9727036;2022-04-23;"0.427333333333333";"-0.789"
5225498;2022-09-02;"-0.315333333333333";"-4.623"
6174756;2021-03-29;"1.16533333333333";"-5.139"
4473460;2022-08-22;"-0.475";"5.391"
9478460;2022-09-30;"-0.179666666666667";"-13.539"
3052723;2021-11-05;"-0.741666666666667";"2.163"
2665354;2021-03-15;"-0.908333333333333";"5.886"
6731573;2022-09-18;"0.421";"-2.034"
2342329;2021-09-09;"-1.85233333333333";"6.138"
1997211;2022-01-21;"-0.121333333333333";"-3.759"
1095590;2022-09-08;"-0.519666666666667";"-8.139"
1300113;2022-06-11;"0.507333333333333";"0.078"
6384905;2022-03-25;"-0.919666666666667";"0.048"
7779062;2022-02-01;"1.29466666666667";"-15.672"
5069126;2021-11-07;"0.920666666666667";"-19.401"
4126690;2021-05-22;"-0.465666666666667";"-2.013"
7878741;2022-05-14;"1.22266666666667";"-11.631"
8622789;2022-05-10;"0.814666666666667";"7.314"
2440132;2022-04-22;"0.184333333333333";"4.512"
5760772;2021-02-07;"-0.678";"14.544"
9327376;2022-04-09;"0.242";"-4.758"
3674694;2021-05-02;"-0.204666666666667";"2.178"
4000244;2021-10-29;"0.327333333333333";"11.661"
8711040;2021-10-25;"0.827666666666667";"-7.602"
5003358;2021-06-15;"0.0246666666666667";"1.284"
9327376;2021-09-20;"-0.394666666666667";"-0.6"
8495155;2022-09-24;"-0.740666666666667";"-10.746"
9308139;2021-10-11;"-1.22733333333333";"14.091"
4290002;2021-11-02;"-0.879666666666667";"12.474"
2001620;2021-03-11;"0.292";"0.825"
8458965;2022-03-01;"-0.221333333333333";"-0.657"
6910411;2021-02-15;"1.058";"5.124"
3313764;2021-03-28;"-0.883";"6.201"
9643048;2022-05-27;"0.0213333333333333";"0.153"
7966871;2022-05-30;"0.643";"-6.822"
8072362;2021-01-05;"-0.056";"-4.392"
9423804;2022-02-25;"-0.851333333333333";"-0.441"
8130662;2021-03-18;"-0.426666666666667";"-1.776"
7970143;2022-03-11;"0.737";"-7.992"
3061239;2022-02-20;"0.826333333333333";"-6.714"
7366012;2021-07-11;"0.092";"6.78"
7691771;2021-01-16;"1.214";"-12.456"
7171934;2022-09-24;"0.594333333333333";"-7.473"
2986894;2022-01-13;"-0.174";"-0.444"
9636943;2021-06-03;"0.012";"-4.311"
2277004;2022-11-29;"1.28733333333333";"-6.201"
9589019;2021-12-10;"-1.12566666666667";"0.444"
5847631;2021-02-24;"1.18766666666667";"6.576"
4186769;2022-09-23;"0.420666666666667";"-16.335"
2382262;2022-09-02;"1.52966666666667";"-5.658"
8096869;2022-07-17;"-0.00266666666666667";"4.533"
3019545;2022-09-22;"0.803";"-7.098"
1352593;2021-12-06;"-0.505666666666667";"10.287"
1436759;2022-04-06;"-0.644";"-2.787"
8888125;2021-12-26;"-0.996333333333333";"-1.956"
9653923;2022-02-10;"0.129";"-0.462"
6731573;2021-01-11;"-0.870333333333333";"1.326"
8359181;2022-08-23;"0.76";"3.564"
8203199;2022-01-03;"0.00566666666666667";"-11.82"
3904178;2022-04-06;"0.992";"0.183"
2757851;2021-04-01;"0.869666666666667";"4.263"
8828217;2021-01-20;"0.39";"2.628"
9362304;2021-07-07;"0.127333333333333";"-0.435"
2651893;2021-06-01;"-0.138666666666667";"-2.874"
8941937;2022-11-07;"-0.692333333333333";"-9.813"
6624963;2021-02-02;"0.487333333333333";"4.845"
5292648;2021-10-18;"0.0743333333333333";"-9.447"
3933475;2021-07-24;"-0.108333333333333";"-2.688"
9720716;2021-03-20;"-0.399";"-0.795"
3790250;2022-11-22;"0.306666666666667";"-13.98"
2091024;2022-05-25;"-0.174333333333333";"3.261"
4909091;2022-07-30;"1.33533333333333";"-24.453"
1990810;2022-09-12;"0.38";"2.874"
1300113;2021-12-24;"-0.249333333333333";"17.532"
9885762;2022-12-14;"0.551333333333333";"-7.497"
9834737;2021-08-07;"0.605666666666667";"5.361"
6739807;2022-08-25;"-0.539666666666667";"-14.547"
3674694;2022-05-27;"0.805";"-12.834"
7700732;2021-12-04;"0.0566666666666667";"10.317"
1060278;2022-06-04;"-0.143";"-2.748"
7897376;2022-12-24;"0.0563333333333333";"-5.391"
4833017;2022-10-20;"0.558666666666667";"-1.176"
1351947;2021-03-17;"0.299333333333333";"-2.973"
9020203;2021-09-09;"-0.671666666666667";"-2.976"
4244024;2022-10-02;"0.421666666666667";"-10.347"
9507367;2022-04-13;"0.420333333333333";"-8.664"
1271728;2021-10-10;"0.387333333333333";"9.81"
1399841;2021-09-08;"-1.63166666666667";"10.002"
5294786;2022-07-04;"-1.713";"4.152"
5960262;2022-07-20;"0.479";"-1.758"
3052723;2022-03-09;"1.368";"3.162"
2001620;2022-04-23;"0.256333333333333";"-12.18"
1214659;2022-11-21;"0.770333333333333";"-4.584"
1326638;2022-12-14;"0.0196666666666667";"-14.022"
8888125;2022-05-10;"1.195";"-14.967"
2455696;2022-04-04;"-0.126333333333333";"-0.732"
7171934;2021-09-14;"0.562";"-0.783"
4273036;2021-05-24;"-0.737";"16.833"
9636943;2022-08-05;"-0.112";"4.017"
8740027;2021-10-07;"-0.321666666666667";"1.557"
5663705;2021-01-21;"-0.097";"-7.821"
9885762;2021-04-25;"-0.366333333333333";"5.64"
3103341;2022-10-30;"0.599666666666667";"-8.478"
7800192;2022-12-03;"0.792333333333333";"-11.877"
7867468;2021-10-01;"-0.224666666666667";"-2.628"
5986204;2021-10-19;"-0.0696666666666667";"3.657"
1351947;2022-12-05;"0.956";"2.847"
5474387;2022-07-26;"1.61733333333333";"-2.001"
5292648;2022-09-08;"0.784";"0.813"
2520743;2021-07-05;"-0.186";"12.975"
7366012;2022-02-24;"0.845333333333333";"-0.711"
7644973;2022-06-30;"-0.623666666666667";"-5.136"
9308139;2022-10-23;"-0.483666666666667";"-17.388"
2973678;2021-08-18;"-0.622";"2.985"
5847631;2022-07-01;"0.538333333333333";"-8.787"
8543601;2022-08-02;"-0.315";"-3.732"
8941937;2021-12-07;"-0.235333333333333";"-14.172"
1835904;2021-03-08;"0.21";"0.123"
3103341;2021-01-04;"-1.13033333333333";"10.137"
4551238;2022-10-28;"-0.162333333333333";"-0.738"
2439985;2021-10-15;"-0.926666666666667";"0.885"
3061239;2021-11-05;"-0.765666666666667";"3.513"
5691061;2021-06-14;"-0.408333333333333";"4.86"
2653383;2022-06-30;"-0.0583333333333333";"N/A"
1055096;2021-12-18;"-0.977666666666667";"5.898"
8667182;2022-06-06;"-1.35";"0.771"
8024381;2022-03-05;"-0.135333333333333";"-8.382"
1291543;2022-05-03;"-0.973666666666667";"5.385"
7515442;2021-11-09;"0.037";"3.579"
9934712;2022-10-15;"-0.168";"-7.545"
1997211;2021-09-14;"0.0986666666666667";"5.019"
8104175;2022-01-14;"0.950333333333333";"-1.83"
6196800;2021-02-14;"-0.866333333333333";"8.07"
9755179;2022-05-05;"0.827333333333333";"1.038"
8550336;2021-11-04;"1.381";"-18.174"
1666243;2022-02-28;"-0.0503333333333333";"-10.053"
6883508;2021-03-19;"0.221666666666667";"12.09"
8732753;2022-07-19;"-0.154";"-4.263"
5821264;2021-01-09;"0.142333333333333";"2.607"
5635996;2022-11-17;"-0.431666666666667";"1.266"
7897376;2021-06-16;"0.351666666666667";"1.662"
3836340;2021-08-02;"-0.62";"9.861"
1905634;2022-04-15;"-0.245666666666667";"-5.532"
8840853;2021-01-06;"-0.595";"5.793"
8328993;2022-03-07;"1.50866666666667";"1.518"
4938257;2021-12-07;"-0.344666666666667";"5.493"
1973884;2022-02-25;"0.270666666666667";"-1.605"
1666243;2021-09-04;"-0.570666666666667";"10.779"
8853441;2021-03-23;"-1.08433333333333";"1.545"
4907286;2022-04-14;"0.259333333333333";"4.47"
1151634;2021-01-07;"-1.19033333333333";"8.364"
7893182;2021-08-02;"-0.205666666666667";"5.28"
9348715;2021-01-07;"-0.803";"18.651"
6432302;2022-10-26;"1.509";"1.281"
6217553;2021-08-17;"-0.712333333333333";"1.818"
2371050;2021-06-17;"-0.951666666666667";"-0.957"
9348715;2022-05-03;"-1.10233333333333";"-5.184"
4586842;2022-08-24;"1.39566666666667";"-0.228"
7878612;2022-10-03;"0.845";"-5.508"
1644520;2021-11-21;"0.0673333333333333";"6.411"
3648052;2022-05-10;"0.672666666666667";"-8.253"
5062299;2022-04-17;"-0.440666666666667";"1.941"
7523863;2022-01-24;"1.29766666666667";"-3.645"
8317927;2022-03-03;"0.642666666666667";"-4.224"
8366629;2021-09-21;"-1.14733333333333";"10.707"
8024381;2021-01-31;"-1.76966666666667";"6.456"
8732753;2021-09-03;"0.346666666666667";"0.33"
8496820;2021-03-22;"0.431666666666667";"12.591"
3100008;2021-02-09;"0.024";"8.412"
3790394;2021-10-26;"1.089";"-1.77"
9238317;2022-09-21;"0.795";"-5.451"
9257190;2022-11-27;"0.011";"1.236"
5301586;2022-03-09;"0.672666666666667";"0.432"
7217038;2022-06-04;"0.832333333333333";"6.618"
7700732;2022-10-31;"1.07566666666667";"-8.247"
4301820;2021-11-03;"-0.0256666666666667";"1.062"
4186769;2021-01-31;"-0.742666666666667";"4.332"
3683392;2022-05-24;"-0.987";"-10.185"
5461623;2022-09-27;"0.307";"-2.895"
2829697;2022-11-14;"0.583";"-4.011"
5326726;2021-01-10;"-1.074";"4.644"
7384479;2021-12-23;"-0.801333333333333";"2.439"
1905634;2021-02-07;"-1.17866666666667";"-2.31"
4048619;2021-11-06;"-0.587666666666667";"-8.352"
7131486;2021-09-04;"-0.117333333333333";"-1.929"
6327985;2022-10-25;"0.486666666666667";"0.591"
2418816;2022-07-11;"-0.213333333333333";"8.226"
7847638;2021-10-31;"-0.967333333333333";"-1.062"
9951055;2022-04-23;"0.592333333333333";"-1.416"
8743561;2021-01-05;"N/A";"6.51"
5769327;2021-06-01;"0.000666666666666667";"-2.763"
5769327;2022-08-07;"0.216";"7.023"
3904178;2021-02-08;"-0.905";"8.976"
1708628;2021-12-22;"-0.476333333333333";"3.327"
1296446;2021-12-03;"0.719666666666667";"8.49"
1244280;2021-09-04;"-0.340333333333333";"9.753"
4297158;2022-07-07;"0.977333333333333";"0.015"
1102650;2021-06-24;"-0.975666666666667";"10.41"
1399841;2022-05-02;"0.527";"9.246"
8539287;2022-10-18;"0.878333333333333";"-3.741"
3834781;2021-04-02;"-1.18333333333333";"11.892"
7964445;2021-03-14;"-0.429";"11.973"
3008241;2022-06-04;"0.723333333333333";"-9.075"
8423395;2021-10-04;"-0.468";"4.653"
8540683;2021-05-24;"-0.159333333333333";"-8.943"
3260944;2021-09-01;"-0.382666666666667";"8.85"
2532240;2022-04-23;"-0.866";"-8.043"
8635225;2022-08-15;"0.04";"-11.367"
2100624;2022-10-20;"-1.21533333333333";"-13.29"
2190822;2022-11-03;"1.04533333333333";"-4.362"
4922756;2022-09-23;"1.082";"-8.166"
3933475;2022-05-31;"0.117666666666667";"-9.495"
2774738;2021-07-01;"-0.275";"-10.644"
3131659;2022-12-11;"0.981";"-2.868"
1095590;2021-11-25;"-0.814";"4.854"
1214659;2021-03-31;"-0.818333333333333";"-7.362"
2193216;2022-07-26;"0.791333333333333";"-7.236"
3116653;2022-10-31;"0.105";"-6.417"
1686264;2021-07-21;"0.215666666666667";"6.279"
3358375;2021-01-11;"-0.423333333333333";"14.031"
8329215;2021-12-20;"-0.560333333333333";"-1.032"
7723428;2022-11-01;"-0.579666666666667";"-2.31"
4523129;2022-06-24;"-0.136333333333333";"-3.372"
4335670;2022-02-10;"1.04966666666667";"-5.91"
9729987;2022-04-02;"1.01533333333333";"-6.45"
9729987;2021-04-25;"0.082";"9.261"
9403345;2022-03-25;"-0.207666666666667";"1.044"
7789476;2022-11-27;"0.314333333333333";"-2.931"
6473752;2021-05-23;"0.245666666666667";"-4.671"
7244518;2021-05-07;"-0.566";"6.117"
9367018;2022-12-11;"-0.547666666666667";"0.885"
2371050;2022-08-20;"0.349666666666667";"-16.008"
8123122;2022-01-06;"1.255";"-1.524"
1294266;2022-05-27;"-0.583";"-1.137"
1163645;2021-01-24;"-1.515";"18.606"
8743561;2022-11-07;"0.648333333333333";"-3.129"
4909126;2022-06-18;"0.0116666666666667";"-10.413"
